name,city,in_main_csv,existing_address,existing_zip,existing_latitude,existing_longitude,found_address,found_zip,found_latitude,found_longitude,source_url,confidence_note
Auburn Environmental Park Open Space,Auburn,Y,,,47.31580188274212,-122.24814427982642,"413 Western St NW (main park's address; this is the west/Phase-2 expansion area, no separate formal address)",98001,,,https://www.auburnwa.gov/city_hall/parks_arts_recreation/parks_trails/auburn_environmental_park,"Medium confidence - reverse-geocode lands on West Valley Highway N, ~0.3 mi west of the main boardwalk entrance, consistent with the park's western expansion area"
Coal Creek Natural Area,Bellevue,Y,,,47.537901833567,-122.13484346867,15400 Newcastle Golf Club Road (Cinder Mine Trailhead),98059,,,https://bellevuewa.gov/city-government/departments/parks/parks-and-trails/nature-trails/coal-creek-natural-area,"High confidence on location (matches OSM Cinder Mine Trailhead within ~1m); jurisdictional quirk - listed as Newcastle 98059 though point falls near Bellevue city limits; other sources cite slightly different house numbers (15376, 15484) on the same road"
Lake Sammamish Landing,Bellevue,Y,,,47.59457204682,-122.1101563611,West Lake Sammamish Parkway SE (no formal address; nearest addressed parcel ~1730 West Lake Sammamish Pkwy SE),98008,,,https://bellevuewa.gov/city-government/departments/parks/parks-and-trails/parks/lake-sammamish-landing,"Medium confidence - city's own page gives no street address (non-motorized watercraft rest stop, no parking/dock); nearest addressed building offered as reference point only, not a confirmed address"
Conifer View Park,Bothell,Y,9055 NE 195th St,98011,47.769814794825,-122.220426139044,,,47.770083,-122.218579,https://www.bothellwa.gov/1037/Conifer-View-Park,"High confidence the coordinates are off - user confirmed the marker sits outside the park; this is a very small 1.5-acre park, so even the ~140m gap between the Census-geocoded address and this independently-listed coordinate is enough to miss it; address itself is unchanged/correct"
Doug Allen Sportsfields,Bothell,N,"19417 88th Ave NE, Bothell, WA 98011",,,,19417 88th Ave NE,98011,47.7696,-122.2233,https://www.bothellwa.gov/1665/Doug-Allen-Sportsfields,"Approximate - address confirmed by city site/Yelp/Zillow, but not directly in Census TIGER ranges; lat/lon interpolated between neighboring geocoded addresses on the same street"
Former Wayne Golf Course,Bothell,N,,,,,16721 96th Ave NE,98011,47.74912,-122.21341,https://www.bothellwa.gov/1184/Former-Wayne-Golf-Course,"High confidence - clubhouse/main access address from official city page, lat/lon exact-matched by Census Bureau geocoder"
North Creek Sportsfields,Bothell,N,,,,,19016 North Creek Pkwy,98011,47.76863,-122.18484,https://www.bothellwa.gov/1669/North-Creek-Sportsfields,"Medium confidence - multi-field complex with several addresses (also 11902/11905 North Creek Pkwy, 19113 120th Ave NE); Field #1 address used as representative, may not be true centroid"
Tall Tree Park,Bothell,Y,19630 89th Pl NE,98011,47.770880690055,-122.220963327941,,,47.7709888,-122.2201747,https://park-usa.nears.me/parks/united-states/washington/bothell/tall-tree-park-bothell-wa/,"High confidence the coordinates are off - user confirmed the marker sits outside the park; this is only a 1-acre park (per Yelp), so even the ~60m gap between the Census-geocoded address and this independently-listed coordinate can miss it; address itself is unchanged/correct"
Volunteer Park,Bothell,N,"9621 Main St, Bothell, WA 98011",,,,9621 Main St,98011,47.75994,-122.21167,https://www.bothellwa.gov/1663/Volunteer-Park,"High confidence - street address confirmed on official city page; lat/lon derived from the same corner parcel's other frontage address, corroborated by RecPlanet"
William Penn Park,Bothell,N,,,,,19900 100th Ave NE,98011,47.77239,-122.20689,https://www.mypacer.com/parks/123275/william-penn-park-bothell,"Medium confidence - address not on official city page, from a third-party park directory, confirmed by exact Census geocoder match"
Lake Burien School Memorial Park,Burien,Y,,,47.47007917917601,-122.3584224842315,1620 SW 149th Street,98166,47.470160532961216,-122.35623346625272,https://www.burienwa.gov/residents/parks_recreation_cultural_services/completed_park_facility_improvement_projects/lake_burien_school_memorial_park_improvement,"High confidence on address (official city source); the existing coordinates (parsed from the same Google Maps iframe embedded on the city's page) sit noticeably off the park - confirmed by user report of the marker landing outside the park boundary - and an independent third-party park listing (mypacer) gives a location ~165m away, used here as the correction; do not use 14700 6th Ave SW, which is a Yelp listing error belonging to Burien Community Center"
Walker Creek Wetland,Burien,N,South 176th Street and Des Moines Memorial Drive South,,,,South 176th Street and Des Moines Memorial Drive South,98148,47.4445,-122.3275,https://nominatim.openstreetmap.org,"Approximate - no official park coordinate published; estimated from OSM street-segment intersection, medium confidence"
Barnes Creek Nature Trail,Des Moines,Y,,,47.39769873086612,-122.31475678158877,Kent-Des Moines Rd (WA-516) trailhead near 16th Ave S,98198,,,https://www.wta.org/go-hiking/hikes/barnes-creek-nature-trail,"Cross-street only, no formal street number; WTA hike listing and Waze both point to the same Kent-Des Moines Rd (WA-516) trailhead near 16th Ave S"
Big Catch Plaza,Des Moines,Y,,,47.40715123439395,-122.32528383702198,21634-21640 Marine View Dr S,98198,,,https://everout.com/seattle/locations/big-catch-plaza/l23764/,"Cross-checked via OSM reverse geocode near given coordinate, good confidence"
Cameron's Crossing,Des Moines,Y,,,47.375296194504294,-122.31171546426265,,,,,,Not found - extensive search found no park/trail/plat by this name; coordinate falls in Woodmont neighborhood but no source confirms this name - do not guess
Cecil Powell Park,Des Moines,Y,,,47.37795793255544,-122.31609331414191,S 250th St & 13th Pl S (also cited as 25001 13th Place South),98198,,,https://www.seattlesouthside.com/directory/cecil-powell-park/,"Confirmed via local news + OSM reverse geocode, good confidence"
City Park / Kiddie Park,Des Moines,Y,,,47.39595054915956,-122.30330987790691,S 230th St & 21st Ave S (Kent-Des Moines Rd entrance ~2323 Kent Des Moines Rd),98198,,,official city Parks & Recreation facilities PDF (civiclive.com),"Cross-street only in official doc; moderate confidence, two access points"
Des Moines Beach Park,Des Moines,Y,,,47.40380669262554,-122.33048210825908,22030 Cliff Ave S,98198,,,https://www.desmoineswa.gov/departments/parks_recreation,"High confidence, official city page, reverse-geocode matches street name"
Des Moines Creek Trail,Des Moines,Y,,,47.411357979547816,-122.32384203564392,,98198,,,,"Not found - mid-trail coordinate on a path, not a numbered street; no formal address"
Des Moines Field House Park,Des Moines,Y,,,47.40492230832006,-122.32084866895573,1000 S 220th St,98198,,,https://www.desmoineswa.gov/departments/parks_recreation/facility_rentals,"High confidence, official city page + exact reverse-geocode match"
Des Moines Marina & Fishing Pier,Des Moines,Y,,,47.399573199523765,-122.32872140216821,22307 Dock Ave S,98198,,,https://wdfw.wa.gov/places-to-go/fishing-piers/des-moines-marina-pier,"High confidence, official WDFW listing"
Des Moines Memorial Park,Des Moines,Y,,,47.40868001545717,-122.32667334541907,S 216th St & Marine View Dr S (approx. 673 S 216th St),98198,,,official city Parks facilities PDF (civiclive.com),"Low-medium confidence, best-effort interpolated location, no clean official address found"
Graceview Park,Des Moines,Y,,,47.391021301471405,-122.30606280856396,,,,,,Not found - could not confirm this park exists under this name in any source; reverse-geocode returns only a generic residential address
Massey Creek Plaza,Des Moines,Y,,,47.396549294613976,-122.32251604784004,,,,,https://mapcarta.com/23950884,Not found - likely a small unaddressed pocket/plaza near where Massey Creek meets Puget Sound by the marina
Midway Park,Des Moines,Y,,,47.403183404250385,-122.29613089603964,2885 S 221st St,98198,,,https://www.seattlesouthside.com/directory/midway-park/,"High confidence, listed GPS matches given coords within ~15m, cross-verified by second source"
Overlook I,Des Moines,Y,,,47.40178451271731,-122.32824531414802,22315 6th Ave S,98198,,,https://maps.apple.com/place?place-id=IDEA35F14A573392,"Low confidence - address likely borrowed from adjacent condo building, not a dedicated park address"
Overlook II,Des Moines,Y,,,47.40298280264714,-122.32897411123119,402 S 222nd St (shared/adjacent parcel with Sound View Park),98198,,,https://www.seattlesouthside.com/directory/sound-view-park/,Medium confidence - city records list cross-streets only; nearby Sound View Park address is within ~40m
Parkside Park,Des Moines,Y,,,47.383789993390565,-122.30060573769343,2518 S 244th St,98198,,,https://www.seattlesouthside.com/directory/parkside-park/,"High confidence, GPS match within ~70m, corroborated by second source"
Parkside Wetlands,Des Moines,Y,,,47.38203276050109,-122.30108009815211,S 248th St & 26th Ave S (cross streets only),98198,,,official city Parks facilities PDF (civiclive.com),"Medium confidence on location only; no street number found, appears to be an unaddressed open-space parcel"
Redondo Trail,Des Moines,Y,,,47.34629891103008,-122.32122692492422,~28201 Redondo Way / Redondo Beach Dr S (nearby reference only),98198,,,https://www.yelp.com/biz/redondo-beach-des-moines,NOT a trail-specific address - this is the Redondo Beach Park/boardwalk area address; not fully certain
S 239th Beach Access/Zenith Overlook,Des Moines,Y,,,47.387918213874705,-122.32660507567472,S 239th St (no street number),98198,,,https://www.seattlesouthside.com/listing/zenith-overlook-beach-access/1366/,"Tourism directory listing, small beach access point with no numbered address"
S 251st Park,Des Moines,Y,,,47.37730329649592,-122.32318210125557,S 251st St & Marine View Dr S (intersection only),98198,,,official city Parks facilities PDF (civiclive.com),Intersection matches given coords closely; no formal street number
Sonju Park,Des Moines,Y,,,47.38006571785192,-122.31041836562893,24728 16th Ave S,98198,,,https://maps.roadtrippers.com/us/des-moines-wa/nature/sonju-park,"Geocoded coordinates closely match given lat/lon; a variant address (24804 16th Ave S) also cited elsewhere, not fully certain"
South Marina Park,Des Moines,Y,,,47.39810384642676,-122.32746799040304,22633 6th Ave S,98198,,,https://www.seattlesouthside.com/directory/south-marina-park/,"Tourism directory listing, consistent with marina-area location"
Steven J. Underwood Mem. Park,Des Moines,Y,,,47.40579694210023,-122.30651805652622,21800 20th Ave S (also cross-listed as 1906 S 220th St),98198,,,https://foursquare.com/v/stephen-j-underwood-park/4df5760b14954f21cf3522b6,"High confidence, published coordinates essentially match given lat/lon exactly"
Van Gasken House,Des Moines,Y,,,47.403444202891514,-122.32912062208146,402 S 222nd St,98198,,,https://www.dmhs.org/map-photos/vangasken_18.html,"Official Des Moines Historical Society page; site is now Van Gasken Sound View Park (house demolished 2020); same address as Overlook II, same shared parcel"
Water Tower Park,Des Moines,Y,,,47.41572520598485,-122.32794668681304,504 S 208th St,98198,,,https://www.seattlesouthside.com/directory/water-tower-park/,"Corroborated by official city Parks facility list (208th between 5th & 6th), matches given lat/lon"
Westwood Park,Des Moines,Y,,,47.4303025476014,-122.32787725612933,19213 6th Ave S,98198,,,https://www.seattlesouthside.com/directory/westwood-park/,"Verified against official city Parks facility list; note a different, separate Westwood Park exists at 19602 6th Ave S in neighboring Normandy Park (98148) - do not confuse"
Woodmont Park,Des Moines,Y,,,47.362581613914024,-122.3195050922856,1115 Woodmont Beach Rd S,98198,,,https://www.seattlesouthside.com/directory/woodmont-park/,"Moderately confident directory listing, not independently cross-validated against a numbered cross-street (private community road)"
Wooton Park,Des Moines,Y,,,47.34851794486507,-122.3224501692641,28202 9th Ave S,98198,,,Google Maps listing (place_id ChIJm73QwvtZkFQRFsOjH-KxkFk),"Corroborated by seattlesouthside.com and Waze, cross-street numbering consistent with given lat/lon"
Adelaide Park,Federal Way,Y,30619 16th Ave SW,98003,47.327319,-122.362826,,,47.32734,-122.35710,https://www.google.com/maps/place/Adelaide+Park,"High confidence the coordinates are wrong - the city's Bing map pin is systematically ~350-900m off (same westward-skewing bug seen across many Federal Way parks); corrected value is Google's exact-name-match location, cross-confirmed by independently geocoding the same street address via the free US Census geocoder, which lands within ~40-220m of Google in every case checked (vs. Bing's much larger gap)"
Alderdale Park,Federal Way,Y,2700 SW 340th Place,98023,47.29776,-122.379405,,,47.29774,-122.36751,https://www.google.com/maps/place/Alderdale+Park,"High confidence the coordinates are wrong - the city's Bing map pin is systematically ~350-900m off (same westward-skewing bug seen across many Federal Way parks); corrected value is Google's exact-name-match location, cross-confirmed by independently geocoding the same street address via the free US Census geocoder, which lands within ~40-220m of Google in every case checked (vs. Bing's much larger gap)"
BPA Trail,Federal Way,N,,,,,"1095 S 324th St (Celebration Park, north trailhead - no single address for the trail itself)",98003,47.3078,-122.3197,https://www.wta.org/go-hiking/hikes/bpa-trail,Approximate - trail spans ~3.8 mi from Celebration Park to Madrona Park (508 SW 356th St); representative point is the documented north trailhead
Brooklake Historic Community Center & Park Area,Federal Way,Y,726 S 356th St,98003,47.290161,-122.349951,,,47.283813,-122.3252682,"https://www.google.com/maps/place/Brooklake+Community+Center/@47.2870487,-122.3308213,16.21z","Medium-high confidence the existing coordinates are wrong (~2km off) - Google resolves this address to 'Brooklake Community Center' (likely the same complex, just a shorter Google listing name); corroborated by the same same-street cross-check as Hylebos Blueberry Farm Park (726 S 356th St vs. 630 S 356th St should be close together, and are under Google's coordinates but not under the city's Bing pins)"
Cedar Grove Park,Federal Way,Y,2200 S 333rd St,98003,47.303709,-122.309825,,,47.30359,-122.30454,https://www.google.com/maps/place/Cedar+Grove+Park,"High confidence the coordinates are wrong - the city's Bing map pin is systematically ~350-900m off (same westward-skewing bug seen across many Federal Way parks); corrected value is Google's exact-name-match location, cross-confirmed by independently geocoding the same street address via the free US Census geocoder, which lands within ~40-220m of Google in every case checked (vs. Bing's much larger gap)"
Conna Park (Formerly Alderbrook Park),Federal Way,Y,1401 SW 325th Pl,98023,47.309388,-122.355778,,,47.30821878134364,-122.35461514309394,https://www.mypacer.com/parks/228709/alderbrook-park-federal-way,"Medium confidence adjustment - the city's Bing-link coordinate and an independent third-party park listing (under the park's former name, Alderbrook Park) are only ~150m apart, not a gross error like Lake Killarney, but per user report the existing pin lands over a house; this is a large 25-acre irregular natural area so a modest shift is plausible and worth applying"
Coronado Park,Federal Way,Y,2501 SW 349th Pl,98003,47.288327,-122.371151,,,47.28833,-122.36593,https://www.google.com/maps/place/Coronado+Park,"High confidence the coordinates are wrong - the city's Bing map pin is systematically ~350-900m off (same westward-skewing bug seen across many Federal Way parks); corrected value is Google's exact-name-match location, cross-confirmed by independently geocoding the same street address via the free US Census geocoder, which lands within ~40-220m of Google in every case checked (vs. Bing's much larger gap)"
Dash Point Highlands Park,Federal Way,Y,5300 SW 324th Pl,98023,47.310911,-122.406986,,,47.31105,-122.40178,https://www.google.com/maps/place/Dash+Point+Highlands+Park,"High confidence the coordinates are wrong - the city's Bing map pin is systematically ~350-900m off (same westward-skewing bug seen across many Federal Way parks); corrected value is Google's exact-name-match location, cross-confirmed by independently geocoding the same street address via the free US Census geocoder, which lands within ~40-220m of Google in every case checked (vs. Bing's much larger gap)"
English Gardens Park,Federal Way,Y,1210 SW 333rd St,98003,47.303811,-122.357805,,,47.30468,-122.35314,https://www.google.com/maps/place/English+Gardens+Park,"High confidence the coordinates are wrong - the city's Bing map pin is systematically ~350-900m off (same westward-skewing bug seen across many Federal Way parks); corrected value is Google's exact-name-match location, cross-confirmed by independently geocoding the same street address via the free US Census geocoder, which lands within ~40-220m of Google in every case checked (vs. Bing's much larger gap)"
Fishers Pond Park,Federal Way,Y,1095 S 324th Street,98003,47.312226102107,-122.321255204465,7th Ave SW (no house number found),98023,47.3157799791055,-122.343680055162,https://maps.roadtrippers.com/us/federal-way-wa/nature/fishers-pond-park,"High confidence this is wrong in the main CSV - the city's own 'Our Parks' page lists Fishers Pond Park's Location as the exact same address as Celebration Park, which is why both ended up geocoded to identical coordinates; Roadtrippers gives an independent, distinct location ~1.7 miles away on 7th Ave SW, consistent with it being a separate small natural-area park"
Hanwoori Korean Gardens & Panther Lake Trail,Federal Way,N,"550 SW Campus Dr, Federal Way, WA 98023",,,,550 SW Campus Dr,98023,47.29364,-122.34218,https://nominatim.openstreetmap.org,"High confidence - house-level geocode match, corroborated by a Yelp listing at the same address"
Heritage Woods Park,Federal Way,Y,28200 23rd Ave S,98003,47.349044,-122.307336,,,47.34876,-122.30301,https://www.google.com/maps/place/Heritage+Woods+Park,"High confidence the coordinates are wrong - the city's Bing map pin is systematically ~350-900m off (same westward-skewing bug seen across many Federal Way parks); corrected value is Google's exact-name-match location, cross-confirmed by independently geocoding the same street address via the free US Census geocoder, which lands within ~40-220m of Google in every case checked (vs. Bing's much larger gap)"
Hylebos Blueberry Farm Park,Federal Way,Y,630 S 356th St,98003,47.340711,-122.314729,,,47.283039,-122.3260652,"https://www.google.com/maps/place/Hylebos+Blueberry+Farm+Park/@47.2830426,-122.3286401,16z","High confidence the existing coordinates are wrong - the city's Bing pin is ~6.5km from Google's exact-name-match resolution; corroborated by cross-checking against Brooklake Historic Community Center & Park Area, whose address (726 S 356th St) is on the same street just ~100 house numbers away - Google resolves both to within ~90m of each other (consistent with neighboring addresses on the same street), while the city's Bing pins for the two are ~6km apart, which isn't physically plausible for addresses this close together"
Lake Grove Park,Federal Way,Y,833 SW 308th St,98023,47.324789,-122.352397,,,47.32485,-122.34716,https://www.google.com/maps/place/Lake+Grove+Park,"High confidence the coordinates are wrong - the city's Bing map pin is systematically ~350-900m off (same westward-skewing bug seen across many Federal Way parks); corrected value is Google's exact-name-match location, cross-confirmed by independently geocoding the same street address via the free US Census geocoder, which lands within ~40-220m of Google in every case checked (vs. Bing's much larger gap)"
Lake Killarney Open Space Park,Federal Way,Y,34902 Weyerhaeuser Way S,98003,47.312137,-122.338434,,,47.2878224,-122.2915472,"https://www.google.com/maps/place/Lake+Killarney+Open+Space+Park/@47.287826,-122.2941221,17z","High confidence the coordinates are wrong (not the address) - the city's page embeds two disagreeing map links for this park; the one our scraper reads (Bing's cp= parameter) points ~3km away in a residential subdivision (matches user report of the marker sitting over houses), while the same page's Google Maps link resolves to a place literally named 'Lake Killarney Open Space Park' on the lake's western shore, corroborated independently by Wikipedia/WDFW's location for Lake Killarney itself (~47.286,-122.291)"
Lakota Park,Federal Way,N,"31334 SW Dash Point Rd, Federal Way, WA 98023",,,,31334 SW Dash Point Rd,98023,47.32050,-122.35822,https://photon.komoot.io,High confidence - direct OSM park polygon match confirms both address and coordinates
Laurelwood Park,Federal Way,Y,2301 S 292nd St,98003,47.338837,-122.310147,,,47.33877,-122.30413,https://www.google.com/maps/place/Laurelwood+Park,"High confidence the coordinates are wrong - the city's Bing map pin is systematically ~350-900m off (same westward-skewing bug seen across many Federal Way parks); corrected value is Google's exact-name-match location, cross-confirmed by independently geocoding the same street address via the free US Census geocoder, which lands within ~40-220m of Google in every case checked (vs. Bing's much larger gap)"
Madrona Park,Federal Way,Y,1095 S 324th Street,98003,47.282649,-122.35411,1508 S 356th St,98003,,,https://www.mypacer.com/parks/143313/madrona-park-federal-way,"High confidence the address is wrong (not the coordinates) - same root cause as Fishers Pond Park and SW 312th Sports Court: the city's 'Our Parks' page lists Madrona Park's Location as Celebration Park's address; the existing stored coordinates are already correct (mypacer's independent listing at 47.28006,-122.35497 is ~300m away, well within normal cross-provider variance for the same park), so only the address text needs overriding, not the coordinates"
Mirror Lake Park,Federal Way,Y,915 S 315th St,98003,47.319552,-122.327292,,,47.31948,-122.32210,https://www.google.com/maps/place/Mirror+Lake+Park,"High confidence the coordinates are wrong - the city's Bing map pin is systematically ~350-900m off (same westward-skewing bug seen across many Federal Way parks); corrected value is Google's exact-name-match location, cross-confirmed by independently geocoding the same street address via the free US Census geocoder, which lands within ~40-220m of Google in every case checked (vs. Bing's much larger gap)"
Olympic View Park,Federal Way,Y,,,47.307732,-122.372476,32904 30th Ave SW,98023,,,https://www.waze.com/live-map/directions/us/wa/federal-way/olympic-view-park,"High confidence - geocodes within ~130m of given coordinates; do not use the commonly-cited alternate 3234 SW 338th St, which does not resolve to a valid address and is not near the given coordinates"
Palisades Park,Federal Way,Y,5039 SW Dash Point Rd,98023,47.321792,-122.402415,,,47.32195,-122.39710,https://www.google.com/maps/place/Palisades+Park,"High confidence the coordinates are wrong - the city's Bing map pin is systematically ~350-900m off (same westward-skewing bug seen across many Federal Way parks); corrected value is Google's exact-name-match location, cross-confirmed by independently geocoding the same street address via the free US Census geocoder, which lands within ~40-220m of Google in every case checked (vs. Bing's much larger gap)"
SW 312th Sports Court,Federal Way,Y,1095 S 324th Street,98003,47.321807,-122.401514,1257 SW 312th St,98023,47.322612367848464,-122.3492546297747,https://www.mypacer.com/parks/195079/southwest-312th-sports-courts-federal-way,"Medium-high confidence the existing coordinates are wrong - the city's page lists this court's Location as the same address as Celebration Park (a separate copy-paste error, same root cause as Fishers Pond Park), and the existing stored coordinates don't match Celebration Park's either, landing ~4km further west with no clear explanation; mypacer's independent listing gives 1257 SW 312th St, consistent with multiple other sources describing the court as near 11th Pl SW/11th Ave SW off SW 312th St"
Town Square Park,Federal Way,Y,31600 Pete von Reichbauer Way S,98003,47.318054,-122.312465,,,47.31805,-122.30714,https://www.google.com/maps/place/Town+Square+Park,"High confidence the coordinates are wrong - the city's Bing map pin is systematically ~350-900m off (same westward-skewing bug seen across many Federal Way parks); corrected value is Google's exact-name-match location, cross-confirmed by independently geocoding the same street address via the free US Census geocoder, which lands within ~40-220m of Google in every case checked (vs. Bing's much larger gap)"
Wedgewood Park,Federal Way,Y,3913 SW 337th St,98023,47.298922,-122.387738,,,47.29895,-122.38227,https://www.google.com/maps/place/Wedgewood+Park,"High confidence the coordinates are wrong - the city's Bing map pin is systematically ~350-900m off (same westward-skewing bug seen across many Federal Way parks); corrected value is Google's exact-name-match location, cross-confirmed by independently geocoding the same street address via the free US Census geocoder, which lands within ~40-220m of Google in every case checked (vs. Bing's much larger gap)"
Wildwood Park,Federal Way,Y,2315 S 300th St,98003,32.808648,-97.49877,,,47.3326833,-122.3032617,"https://www.google.com/maps/place/Wildwood+Park/@47.3326869,-122.3058366,17z","Very high confidence the existing coordinates are wrong - the city's own Bing map link for this park literally has cp=32.808648~-97.49877 embedded, which is Fort Worth, Texas, not Washington State (a ~2,600km error, almost certainly a copy-paste mistake on the city's side); Google's link on the same page resolves to a place named exactly 'Wildwood Park' in Federal Way"
Winco Park,Federal Way,Y,106 SW Campus Dr,98023,47.293013,-122.342613,,,47.29268,-122.33708,https://www.google.com/maps/place/Winco+Park,"High confidence the coordinates are wrong - the city's Bing map pin is systematically ~350-900m off (same westward-skewing bug seen across many Federal Way parks); corrected value is Google's exact-name-match location, cross-confirmed by independently geocoding the same street address via the free US Census geocoder, which lands within ~40-220m of Google in every case checked (vs. Bing's much larger gap)"
City Hall Park,Kenmore,Y,,,47.75988215459329,-122.24920246950327,18120 68th Ave NE,98028,,,https://www.kenmorewa.gov/our-city/about-kenmore/city-hall,Official city page; park sits immediately behind/adjacent to City Hall and shares its address
Inglewood Wetlands,Kenmore,Y,,,47.753996690772645,-122.25319151662855,,,,,,Not found - likely an unaddressed wetland buffer parcel near the Inglewood neighborhood along the Sammamish River
Jack Crawford Skate Park,Kenmore,Y,,,47.76107085416241,-122.24944165387461,18120 68th Ave NE (behind City Hall),98028,,,https://www.kenmorewa.gov/Home/Components/FacilityDirectory/FacilityDirectory/2/103,"Official city facility directory, cross-checked via Yelp; coordinates align with City Hall complex"
Linwood Park,Kenmore,Y,,,47.76759674730072,-122.26871099504713,5601 NE 193rd Street,98028,,,https://www.kenmorewa.gov/Home/Components/FacilityDirectory/FacilityDirectory/4/103,Official city facility directory; longitude cross-check consistent
Log Boom Park,Kenmore,Y,,,47.756945131844,-122.26458127146097,17415 61st Ave NE,98028,,,https://www.kenmorewa.gov/Home/Components/FacilityDirectory/FacilityDirectory/14/103,Official city facility directory (also called Tracy Owen Station); longitude cross-check consistent
Moorlands Park,Kenmore,Y,,,47.73954687658514,-122.23041588215911,15221 84th Ave NE,98028,,,https://www.kenmorewa.gov/Home/Components/FacilityDirectory/FacilityDirectory/6/103,Official city facility directory; longitude cross-check consistent
Northshore Summit Park,Kenmore,Y,,,47.76808260572685,-122.26010941115972,6200 NE 193rd St,98028,,,https://www.kenmorewa.gov/Home/Components/FacilityDirectory/FacilityDirectory/8/103,"Confirmed via aggregator sites citing official directory; direct city page fetch was blocked (403), so not first-party-verified"
Rhododendron Park,Kenmore,Y,,,47.75286743751577,-122.24855447518146,6910 NE 170th Street,98028,,,https://www.kenmorewa.gov/our-city/projects/walkways-and-waterways/rhododendron-park-waterfront-natural-open-space-access,Official city project page; longitude cross-check consistent
Swamp Creek Wetland Open Space,Kenmore,Y,,,47.7674997239035,-122.2418489894082,,,,,,Not found - distinct from Wallace Swamp Creek Park (~400m away); appears to be an undeveloped open-space parcel without its own formal address
Twin Springs,Kenmore,Y,,,47.76824160045416,-122.23044755817858,19420 80th Ave NE,98028,,,https://www.kenmorewa.gov/our-city/projects/completed-projects/twin-springs-park-project,Official city project page; longitude cross-check (80th Ave NE) consistent
Wallace Swamp Creek Park,Kenmore,Y,,,47.77035373447405,-122.24560383620691,19851 73rd Ave NE,98028,,,https://www.kenmorewa.gov/Home/Components/FacilityDirectory/FacilityDirectory/16/103,Official city facility directory; longitude cross-check consistent
ƛ̕ax̌ʷadis Park,Kenmore,Y,,,47.75411007072394,-122.23742592886977,7353 NE 175th Street,98028,,,https://www.kenmorewa.gov/our-city/projects/walkways-and-waterways/waterfront-natural-open-space-access-project-at-squire-s-landing-park-renamed,Multiple street numbers appear across sources (7353/7515/7729 NE 175th St) for different entrances/parcels of this large multi-acre park; not fully certain which is closest to GIS centroid
Frager Road Trail,Kent,Y,,,47.37866053210368,-122.26949289472454,"Frager Road S (no house number; nearest addressed landmark is Old Fishing Hole Park, 24950 Frager Rd S, ~200m away)",98032,,,https://www.kentwa.gov/departments/kent-parks/parks-places/parks-trails,High confidence on street/city - reverse-geocode lands directly on Frager Road South; no single formal street-number address exists for the trail itself
Interurban Trail,Kent,Y,,,47.38659664099557,-122.24215281717672,West James Street (at the Interurban Trail crossing),98032,,,https://www.kentwa.gov/departments/kent-parks/parks-places/parks-trails,"High confidence - coordinate reverse-geocodes within ~10m to West James Street in downtown Kent; not near Foster Park, a different access point on the same trail"
South 277th Corridor Trail,Kent,Y,,,47.353520396406076,-122.20825587387101,South 277th Street / Green River Road S (near the Green River pedestrian bridge),98030,,,https://www.alltrails.com/trail/us/washington/south-277th-corridor-trail,Medium confidence - reverse-geocode returns the trail way itself; not found for a formal address. Green View Park (12033 SE 277th Pl) is sometimes cited nearby but is ~2.1km away and does NOT match - do not use
Bridle Crest Trail,Redmond,Y,,,47.65940636258343,-122.12738430323635,,98052,,,https://www.redmond.gov/facilities/facility/details/Bridle-Crest-Trail-68,"Not found - linear trail, no street number, runs along south side of NE 60th St; reverse-geocode confirms location, city facility page lists no address"
Martin Park,Redmond,Y,,,47.67687493214384,-122.08097944771299,,98052,,,https://www.redmond.gov/954/East-Redmond-Corridor,"Not found - real city-owned parcel referenced in East Redmond Corridor Master Plan, but no public facility page or street address; reverse-geocode lands on Bear-Evans Creek Greenway Trail, consistent with undeveloped/natural character"
Redmond Central Connector,Redmond,Y,,,47.67253231433148,-122.12196147970485,"16651 Redmond Way (nearby downtown reference, not confirmed match)",98052,,,https://www.redmond.gov/facilities/facility/details/Redmond-Central-Connector-Park-12,"Medium confidence - reverse-geocode confirms point sits on the trail; city's own page lists no house number, consistent with a linear rail-trail"
SE Redmond Open Space,Redmond,Y,,,47.6634345285573,-122.08292566412361,,98052,,,,"Not found - genuinely unresolved; coordinate reverse-geocodes to Woodbridge neighborhood near NE 64th Way, south of Southeast Redmond Park's described boundaries, suggesting a different unlabeled city-owned tract - recommend manual King County parcel/GIS lookup"
Welcome Park,Redmond,Y,,,47.67676418285114,-122.1522303781931,,98052,,,https://www.redmond.gov/1456/Welcome-Park-Short-Plat,"Not found - does not appear in Redmond's official park list; only matching record is a Welcome Park Short Plat residential subdivision at 8107 142nd Ave, reverse-geocode lands close to 8303 141st Ave NE - may be a plat-dedicated open-space tract, not confident enough to assign a number"
Cedar River Trail - Logan to Library,Renton,Y,,,47.49428682,-122.21304568,"NOT FOUND as this segment; nearest addressed landmark is Cedar River Trail Park, 1060 Nishiwaki Ln",98057,47.484645,-122.206503,https://gismaps.rentonwa.gov/as03/rest/services/Operational/ParksAndRecreation/MapServer/9,"High confidence - the city's own parks GIS (layer 9, FAC-0272, 'Cedar River Trail between Logan Ave S to Library') has a polygon for this segment whose centroid is this point, inside the polygon, in the downtown stretch; the main CSV's coordinates are the source's placeholder, shared with 'Cedar River Trail - South' and 'Cedar River Trail Park Lake to Logan' (only the latter's polygon is actually centered there)"
Cedar River Trail - South,Renton,Y,,,47.49428682,-122.21304568,"NOT FOUND; identical coordinates to the Logan-to-Library entry above, nearest landmark Cedar River Trail Park, 1060 Nishiwaki Ln",98057,47.474936,-122.175197,https://gismaps.rentonwa.gov/as03/rest/services/Operational/ParksAndRecreation/MapServer/9,"Medium-high confidence - the city's parks GIS (FAC-0267, 'Cedar River Trail south of Library to City limits') is a ~32km-perimeter corridor polygon running from downtown east to the city limits; its centroid falls outside the corridor, so this is the polygon vertex nearest the centroid, a representative on-trail point. The main CSV's coordinates are a placeholder shared with two other Cedar River Trail segments (it is the center of the 'Lake to Logan' polygon only)"
Maplewood Roadside Park,Renton,Y,,,47.47549774072961,-122.17650371913037,3201 Maple Valley Hwy (may overlap with a separate Maplewood Park GIS record at the same address),98057,,,https://www.dogpackapp.com/parks/united-states/washington/renton/maplewood-roadside-park,"Medium - name/location confirmed by 3 independent sources, tightly clustered coords, but possible address duplication with a separate Maplewood Park entity"
Meadow Crest Playground,Renton,Y,,,47.5074932488972,-122.18027331801044,3000 NE 16th St (shared site with adjacent North Highlands Neighborhood Center),98056,,,https://www.yelp.com/biz/meadow-crest-playground-renton,Medium-high - playground co-located within/adjacent to North Highlands Park at this address
Narco Property,Renton,Y,,,47.4760121,-122.19266303,"Former NARCO property, part of the Cedar River Natural Area (no formal street address)",98057,47.466715,-122.168303,https://gismaps.rentonwa.gov/as03/rest/services/Operational/ParksAndRecreation/MapServer/9,"Medium-high confidence - corrects the earlier note that this is part of Cedar River Dog Park. The city's parks GIS lists it with the same FACILITYID (FAC-0350) and description ('Cedar River Natural Area') as the 'Cedar River Natural Area' record, but as a separate ~89-acre polygon (the larger natural-area parcel, matching OSM's Cedar River Natural Area boundary, way 405562675) whose centroid is this point, inside the polygon. The main CSV's coordinates are actually the Cedar River Dog Park's (1500 Houser Way S), copied onto both records"
Parkwood Park South,Renton,Y,,,47.46059678354934,-122.18948488386545,,98055,,,https://gismaps.rentonwa.gov/as03/rest/services/Operational/ParksAndRecreation/MapServer/9,"Low - no web presence found for this park under this exact name outside the city's own GIS layer; coords are an unverified polygon vertex, treat as approximate"
Stoneway Parcel,Renton,Y,,,47.48017942783998,-122.19374193074462,"no formal address; adjacent to Cedar River Park, near 1717 Maple Valley Hwy (King County parcel 1723059026)",98057,,,https://www.rentonwa.gov/Government/Newsroom/City-news/Stoneway-Acquisition,Medium - former Stoneway Sand & Gravel industrial site acquired by the city in 2025 to expand Cedar River Park; no independent address exists
Sunset Neighborhood Park,Renton,Y,,,47.49998943389551,-122.18254415108512,2680 Sunset Ln NE,98056,,,https://visitrenton.com/listing/sunset-neighborhood-park/151/,High - corroborated by two independent sources within ~0.001 degrees; across from Renton Highlands Library
Angle Lake Nature Trail,SeaTac,Y,,,47.4261437916588,-122.2940344762787,19408 International Blvd,98188,,,https://www.seatacwa.gov/Home/Components/FacilityDirectory/FacilityDirectory/8/926,"High confidence - reverse-geocode lands squarely on International Blvd within Angle Lake Park's boundaries, matching the city's listed park address"
Echo Lake Park West,Shoreline,Y,,,47.770909834017544,-122.3445905217715,19512 Echo Lake Place N,98133,,,https://www.shorelinewa.gov/government/projects-initiatives/2022-park-bond-projects-phase-ii,High confidence - distinct newer 2022-bond-funded park (separate from the older Echo Lake Park at 19901 Ashworth Ave N); reverse-geocode lands one parcel away on the same street
Edwin Pratt Memorial Park,Shoreline,Y,,,47.76292629786763,-122.34125232172435,1341 N 185th Street,98133,,,https://www.shorelinewa.gov/government/projects-initiatives/edwin-pratt-memorial-park,High confidence - official city project page names this address directly; reverse-geocode lands nearby on Ashworth Ave N near N 185th St
Interurban ROW access,Shoreline,Y,,,47.73679388048971,-122.34745397454638,"N 149th St & Linden Ave N (cross streets only, no formal address)",98133,,,https://www.cityofmlt.com/1989/Interurban-Trail,"Medium-high confidence on location, but no address exists for this point; reverse-geocode returned N 149th Street, essentially co-located with the given lat/lon - a ROW trail crossing, not an addressed facility"
57th Avenue Mini Park,Tukwila,N,13300 57th Avenue South,,,,13300 57th Avenue South,,47.48422,-122.264333,https://www.tukwilawa.gov/departments/parks-and-recreation/parks-and-trails/57th-avenue-mini-park/,High confidence - official city page's map link resolves to a Google-named place matching this exact park.
Bicentennial Park,Tukwila,N,7200 Strander Boulevard,,,,7200 Strander Boulevard,,47.45637,-122.247053,https://www.tukwilawa.gov/departments/parks-and-recreation/parks-and-trails/bicentennial-park/,High confidence - cross-confirmed by an independent search estimate landing within meters of the official map-link pin.
Cecil Moses Park,Tukwila,N,11013 West Marginal Place South,,,,11013 West Marginal Place South,,47.503673,-122.29831,https://www.tukwilawa.gov/departments/parks-and-recreation/parks-and-trails/cecil-moses-park/,Medium-high confidence - Google's place record cites a 27th Ave S address (also seen independently as 11099 27th Ave S) rather than West Marginal Place South; may have two associated addresses. Pin location for the park itself is confident.
Duwamish Gardens,Tukwila,Y,Intersection of Interurban Avenue South and South 115th Street,98225,48.711117344921,-122.487212805914,,98168,47.5013214,-122.2888355,https://www.tukwilawa.gov/departments/parks-and-recreation/parks-and-trails/duwamish-gardens/,"High confidence the coordinates/zip are wrong (not the address) - the free US Census geocoder can't handle this intersection-style address (no house number) and instead of failing outright returned a confident-looking but wrong match on a same-named street in Bellingham, WA, ~90 miles north (explains the 98225 zip too); correct location confirmed via the park's own Google Maps link on its Tukwila city page, resolving to 'Duwamish Gardens Park' at 47.5013214,-122.2888355 (zip 98168), consistent with the rest of Tukwila's parks"
Duwamish Hill Preserve,Tukwila,N,3800 South 115th Street,,,,3800 South 115th Street,,47.501727,-122.285497,https://www.tukwilawa.gov/departments/parks-and-recreation/parks-and-trails/duwamish-hill-preserve/,High confidence - official city page's map link resolves to a Google-named place with an exact name match corroborated independently.
Fort Dent Park,Tukwila,Y,6800 Fort Dent Way,98188,47.467091216107,-122.247932652638,,,47.4711873,-122.2496453,"https://www.google.com/maps/place/Fort+Dent+Park/@47.4711873,-122.2496453,15z","High confidence the coordinates are off - user confirmed the existing marker sits south of the park; Census-geocoding the street address matches the existing (wrong) coordinates exactly, but the city's own page links to a Google Maps place named exactly 'Fort Dent Park', ~473m north, used here as the correction"
Tukwila Pond,Tukwila,Y,299 Strander Boulevard,98188,47.455831084332,-122.259851339742,,,47.4537911,-122.2595323,"https://www.google.com/maps/place/Tukwila+Pond+Park/@47.4537911,-122.2595323,15z","High confidence the coordinates are off (not the address) - Census-geocoding the street address '299 Strander Boulevard' lands ~228m from the park itself, per user report of the marker sitting outside the park; the city's own page links this same address to a Google Maps place named exactly 'Tukwila Pond Park', used here as the correction"
Stonehill Meadows Park,Woodinville,N,"134th Place NE, Woodinville, WA 98072",,,,134th Place NE (no house number found on official city page),98072,47.76229,-122.15942,https://www.woodinville.gov/facilities/facility/details/Stonehill-Meadows-Park-17,Approximate - no park-specific coordinates found; lat/lon is a proxy from Census TIGER geocoding of a neighboring residence described as directly across from the park
Tanglin Ridge Park,Woodinville,N,"NE 185th St, Woodinville, WA 98072",,,,NE 185th St (no house number found on official city page),98072,47.76170,-122.13901,https://www.woodinville.gov/facilities/facility/details/Tanglin-Ridge-Park-16,Approximate - no park-specific coordinates found; lat/lon is a proxy from Census TIGER geocoding of three neighboring homes on the same block
Woodin Creek Park,Woodinville,N,"13201 NE 171st Street, Woodinville, WA 98072",,,,13201 NE 171st Street,98072,47.75092,-122.16393,https://www.atly.com/location/WoodinCreekPark,"High confidence - city facilities page confirms address, coordinates cross-validated by two independent sources within ~150m"
Mercerdale Park,Mercer Island,N,,,,,77th Avenue SE & SE 32nd Street,98040,47.5808560,-122.2349175,https://www.mercerisland.gov/parksrec/page/mercerdale-park,"High confidence - OpenStreetMap has a direct named-polygon match for this park; the free Census geocoder mismatches this address's cross-street format to a street in Ephrata, WA (~150mi away) and is rejected by the fetch's own city-mismatch safety check, so the main fetch skips this park entirely"
Ercolini Park,Seattle,Y,4542 48th Ave SW,98116,47.515021,-122.394275,,,47.5614788,-122.3931399,https://nominatim.openstreetmap.org/search?q=Ercolini+Park+Seattle&format=json,"High confidence - OpenStreetMap has a direct named leisure=park node at this address matching the official Seattle Parks listing (4542 48th Ave SW); existing lat/lon was ~5.2 km south of the actual park, address itself is unchanged/correct"
West Duwamish Greenbelt,Seattle,Y,W Marginal Way SW & Highland Park Way SW,98106,47.563271,-122.356966,,,47.549993,-122.349618,https://overpass-api.de/api/interpreter (OSM relation 2223276 'West Duwamish Greenbelt'),"Medium confidence - existing point falls ~925m outside every mapped OSM polygon segment for this greenbelt (nearest segment cluster at lat 47.545-47.555); found coordinate is the centroid of OSM's mapped segments, which are themselves a sparse/fragmentary subset of this long, disjoint greenbelt corridor, so this is a reasonable representative point rather than a single definitive location"
Thornton Creek Park #1,Seattle,Y,13002 10th Ave NE,98125,47.707034,-122.307629,,,47.7245751,-122.3194507,"https://www.google.com/maps/place/Thornton+Creek+Park+%231/@47.7245751,-122.3216394,17z","Low confidence - Google Maps has a place card named exactly ""Thornton Creek Park #1"" at the given address, but it sits ~2.1km north of the existing coordinate, near Jackson Park Golf Course; OSM has no polygon under this exact name to cross-check, only a separate ""Thornton Creek Natural Area"" relation whose geometry (~47.698,-122.300) is much closer to the existing coordinate than to Google's pin; Thornton Creek has several similarly-named, separately-numbered city park segments along its length, so this may be a Google Maps mislabel rather than a real error in the existing coordinate - needs manual review before acting on it"
Clarke Beach Park,Mercer Island,Y,East Mercer Way at SE 77th Place,98040,47.589582373647,-122.235019625992,,,47.5334805,-122.2155594,https://nominatim.openstreetmap.org/search?q=Clarke+Beach+Park+Mercer+Island+WA,"High confidence - user confirmed the existing coordinates put the marker in completely the wrong place (near Bicentennial Park at the north end of the island); OSM/Nominatim's point for Clarke Beach Park (a way centroid) falls at the park's actual location near May Creek at the island's south end, consistent with the existing address (East Mercer Way at SE 77th Place)"
Cedar River Natural Area,Renton,Y,Narco Property,,47.4760121,-122.19266303,,,47.478972,-122.196896,https://gismaps.rentonwa.gov/as03/rest/services/Operational/ParksAndRecreation/MapServer/9,"Medium-high confidence - the city's parks GIS record (FAC-0350) is a separate ~7.7-acre two-part polygon next to the Cedar River Trail and the dog park, which is what the city's Cedar River Natural Area project page describes ('previously disturbed areas near the Cedar River Trail and dog park'); this point is its centroid, inside the polygon. The main CSV's coordinates were the Cedar River Dog Park's, copied in. Same facility ID as the larger 'Narco Property' polygon, which stays as its own entry since it's a different parcel ~2km away"
Golden Gardens Park,Seattle,Y,8498 Seaview Pl NW,98117,47.686852,-122.403454,,,47.692200,-122.402980,https://www.openstreetmap.org/way/159483662,"High confidence - the main CSV had the park at Eddie Vine Boat Ramp's point, which sits on the park's southern edge (Seattle Parks: the ramp is 'on the south edge of Golden Gardens Park', address 8001 Seaview Ave NW vs the park's 8498 Seaview Pl NW). This is OSM's Golden Gardens Park polygon center (way 159483662, bbox 47.6867-47.6977), verified inside the polygon; Eddie Vine Boat Ramp stays where it is, inside the park"
Blue Dog Pond,Seattle,Y,1520 26th Ave S,98144,47.589982,-122.297814,,,47.588883,-122.298500,https://www.openstreetmap.org/way/481142081,"High confidence - Seattle Parks says Blue Dog Pond is a detention pond/off-leash area inside Sam Smith Park, with its own address (1520 26th Ave S) on the park's edge; the main CSV put it at Sam Smith Park's point. This is the centroid of OSM's exact-name polygon ('Blue Dog Pond - Dog Park', way 481142081), ~125m away"
Bike Park,Redmond,Y,,,47.68877969460332,-122.11141165859652,9916 171st Ave NE,98052,,,https://www.redmond.gov/facilities/facility/details/Redmond-Bike-Park-78,"High confidence - the City of Redmond's own facility page for Redmond Bike Park lists 9916 171st Ave NE (Tripadvisor, Yelp and Apple Maps agree; MyPacer's 9815 171st Ave NE looks like a typo). Coordinates are unchanged: they match OSM's 'Redmond Bike Park' point (47.68883, -122.11139) to within a few meters. The main CSV's name is just 'Bike Park' from the city GIS layer"
Ballybunion Park,Newcastle,Y,,,47.52827333843016,-122.13771656247441,8200 150th Pl SE,,,,https://newcastlewa.gov/parks_and_trails/parks-trails/city-parks/,"High confidence - the address is from the City of Newcastle's own City Parks page; the city's GIS park layer has no address field, so the main CSV row is blank"
China Falls Park,Newcastle,Y,,,47.536946473680956,-122.15720151861638,7405 137th Pl SE,,,,https://newcastlewa.gov/parks_and_trails/parks-trails/city-parks/,"High confidence - the address is from the City of Newcastle's own City Parks page; the city's GIS park layer has no address field, so the main CSV row is blank"
Heritage Morgan Park,Newcastle,Y,,,47.5244676666076,-122.15837523277393,8740 139th Ave SE,,,,https://newcastlewa.gov/parks_and_trails/parks-trails/city-parks/,"High confidence - the address is from the City of Newcastle's own City Parks page; the city's GIS park layer has no address field, so the main CSV row is blank"
Highlands Forest View Park,Newcastle,Y,,,47.51900570726394,-122.149138163678,14354 SE 92nd St,,,,https://newcastlewa.gov/parks_and_trails/parks-trails/city-parks/,"High confidence - the address is from the City of Newcastle's own City Parks page; the city's GIS park layer has no address field, so the main CSV row is blank"
Little Rhody Park,Newcastle,Y,,,47.53128441795766,-122.18897597547112,11300 SE 80th St,,,,https://newcastlewa.gov/parks_and_trails/parks-trails/city-parks/,"High confidence - the address is from the City of Newcastle's own City Parks page; the city's GIS park layer has no address field, so the main CSV row is blank"
Madison Lane Park,Newcastle,Y,,,47.54136164964222,-122.18723729299039,6900 115th Ct SE,,,,https://newcastlewa.gov/parks_and_trails/parks-trails/city-parks/,"High confidence - the address is from the City of Newcastle's own City Parks page; the city's GIS park layer has no address field, so the main CSV row is blank"
Redman Park,Newcastle,Y,,,47.53503764757175,-122.15714721405342,13575 SE 75th St,,,,https://newcastlewa.gov/parks_and_trails/parks-trails/city-parks/,"High confidence - the address is from the City of Newcastle's own City Parks page; the city's GIS park layer has no address field, so the main CSV row is blank"
Thomas Rouse Road Park,Newcastle,Y,,,47.53487509797215,-122.1562105350545,7600 136th Ave SE,,,,https://newcastlewa.gov/parks_and_trails/parks-trails/city-parks/,"High confidence - the address is from the City of Newcastle's own City Parks page (listed there as 'Thomas Rouse Road Historical Park', while the city's GIS layer, the main CSV's source, calls it 'Thomas Rouse Road Park'); the city's GIS park layer has no address field, so the main CSV row is blank"
Tralee Park,Newcastle,Y,,,47.531356836277645,-122.13247511027451,7825 155th Ave SE,,,,https://newcastlewa.gov/parks_and_trails/parks-trails/city-parks/,"High confidence - the address is from the City of Newcastle's own City Parks page; the city's GIS park layer has no address field, so the main CSV row is blank"
Windtree Park,Newcastle,Y,,,47.52022943082192,-122.17987615813527,9129 121st Ave SE,,,,https://newcastlewa.gov/parks_and_trails/parks-trails/city-parks/,"High confidence - the address is from the City of Newcastle's own City Parks page; the city's GIS park layer has no address field, so the main CSV row is blank"
China Creek Park,Newcastle,Y,,,47.52930771608446,-122.15062700803317,7947 144th Ave SE,,,,https://newcastlewa.gov/parks_and_trails/parks-trails/city-parks/,"High confidence - the address is from the City of Newcastle's own City Parks page; an earlier search gave 7951 144th Ave SE, but the city's page says 7947; the city's GIS park layer has no address field, so the main CSV row is blank"
Donegal Park,Newcastle,Y,,,47.53640557897326,-122.17513312437488,7319 125th Ave SE,,,,https://newcastlewa.gov/parks_and_trails/parks-trails/city-parks/,"High confidence - the address is from the City of Newcastle's own City Parks page; the city's GIS park layer has no address field, so the main CSV row is blank"
Highlands Park,Newcastle,Y,,,47.520272091805744,-122.15379563876249,9100 140th Ave SE,,,,https://newcastlewa.gov/parks_and_trails/parks-trails/city-parks/,"High confidence - the address is from the City of Newcastle's own City Parks page; the city's GIS park layer has no address field, so the main CSV row is blank"
Gleneagles Park,Newcastle,Y,,,47.528828144604766,-122.13367783797237,8111 155th Ave SE,,,,https://newcastlewa.gov/parks_and_trails/parks-trails/city-parks/,"High confidence - the address is from the City of Newcastle's own City Parks page; the city's GIS park layer has no address field, so the main CSV row is blank"
Hazelwood Park,Newcastle,Y,,,47.53694486424138,-122.18025423487843,7305 121st Pl SE,,,,https://newcastlewa.gov/parks_and_trails/parks-trails/city-parks/,"High confidence - the address is from the City of Newcastle's own City Parks page; the city's GIS park layer has no address field, so the main CSV row is blank"
May Creek Park,Newcastle,Y,,,47.520279709573444,-122.17506475108243,13001 SE May Creek Park Drive,,,,https://newcastlewa.gov/parks_and_trails/parks-trails/city-parks/,"High confidence - the address is from the City of Newcastle's own City Parks page; the city's GIS park layer has no address field, so the main CSV row is blank"
Lake Boren Park,Newcastle,Y,,,47.53000168709782,-122.16496399172365,13058 SE 84th Way,,,,https://newcastlewa.gov/parks_and_trails/parks-trails/city-parks/,"High confidence - the address is from the City of Newcastle's own City Parks page; the city's GIS park layer has no address field, so the main CSV row is blank"
Newcastle Commons Central Square,Newcastle,Y,,,47.54373287321329,-122.16070846693454,13398 Newcastle Commons Dr,,,,https://gismaps.kingcounty.gov/arcgis/rest/services/Property/KingCo_PropertyInfo/MapServer/2,"Medium confidence - not on the city's City Parks page; this is the King County parcel address of the mixed-use Newcastle Commons parcel the square sits in, found by intersecting the park polygon with the county parcel layer"
Grace M. T.A. Wilson Park,Normandy Park,Y,,,47.4499139562609,-122.33596515184813,171st St & SW 2nd Ave,,,,https://normandyparkwa.gov/wp-content/uploads/NPPROST-Plan-Report-2024-FINAL.pdf,"High confidence - the address is from the park's entry in the city's 2024 Parks, Recreation, Open Space, and Trails Plan; the city's GIS park layer, the main CSV's source, has no address field; the plan lists it as 'Wilson Park' and the GIS layer as 'Grace M. T.A. Wilson Park'"
E.J.Nist Park,Normandy Park,Y,,,47.440950804792315,-122.33916192423744,242 SW Normandy Rd,,,,https://normandyparkwa.gov/wp-content/uploads/NPPROST-Plan-Report-2024-FINAL.pdf,"High confidence - the address is from the park's entry in the city's 2024 Parks, Recreation, Open Space, and Trails Plan; the city's GIS park layer, the main CSV's source, has no address field; the plan lists it as 'Nist Park' and the GIS layer as 'E.J.Nist Park'"
Nature Trails Park,Normandy Park,Y,,,47.43089458762334,-122.3452264362608,Marine View Dr & SW 8th Ave,,,,https://normandyparkwa.gov/wp-content/uploads/NPPROST-Plan-Report-2024-FINAL.pdf,"High confidence - the address is from the park's entry in the city's 2024 Parks, Recreation, Open Space, and Trails Plan; the city's GIS park layer, the main CSV's source, has no address field"
Marvista Park,Normandy Park,Y,,,47.424206925177955,-122.33980339719145,19900 SW 4th Ave,,,,https://normandyparkwa.gov/wp-content/uploads/NPPROST-Plan-Report-2024-FINAL.pdf,"High confidence - the address is from the park's entry in the city's 2024 Parks, Recreation, Open Space, and Trails Plan; the city's GIS park layer, the main CSV's source, has no address field"
Marine View Park,Normandy Park,Y,,,47.41310503906061,-122.34040480523409,20935 Marine View Dr,,,,https://normandyparkwa.gov/wp-content/uploads/NPPROST-Plan-Report-2024-FINAL.pdf,"High confidence - the address is from the park's entry in the city's 2024 Parks, Recreation, Open Space, and Trails Plan; the city's GIS park layer, the main CSV's source, has no address field"
City Hall Park,Normandy Park,Y,,,47.44484932478621,-122.34585039547721,801 SW 174th St,,,,https://normandyparkwa.gov/wp-content/uploads/NPPROST-Plan-Report-2024-FINAL.pdf,"High confidence - the address is from the park's entry in the city's 2024 Parks, Recreation, Open Space, and Trails Plan; the city's GIS park layer, the main CSV's source, has no address field"
Walker Preserve,Normandy Park,N,,,,,168th St & SW 2nd Ave,98166,47.4503045,-122.3432005,https://www.openstreetmap.org/way/703792747; https://normandyparkwa.gov/wp-content/uploads/NPPROST-Plan-Report-2024-FINAL.pdf,Medium-high confidence - missing from the city's GIS park layer; the address is from the city's 2024 parks plan (27.73-acre open space along Walker Creek) and the coordinates are the center of OSM's 'Walker Creek Preserve' polygon (way 703792747)
Brittany Park,Normandy Park,N,,,,,SW Normandy Terrace & Brittany Dr,98166,47.4424886,-122.3515414,https://www.openstreetmap.org/way/1536714190; https://normandyparkwa.gov/wp-content/uploads/NPPROST-Plan-Report-2024-FINAL.pdf,"Medium-high confidence - missing from the city's GIS park layer; the address is from the city's 2024 parks plan (the first park established in Normandy Park, 0.35 acres) and the coordinates are the center of OSM's 'Brittany Circle Park' polygon (way 1536714190)"
