name,address,city,zip_code,latitude,longitude,visited,visited_date
12th and Howe Play Park,1200 W Howe St,Seattle,98119,47.636097,-122.372985,N,
12th Ave S Viewpoint,2821 12TH Ave S,Seattle,98144,47.577953,-122.317765,N,
12th Ave Square Park,564 12th Ave,Seattle,98122,47.607427,-122.316455,N,
132nd Square Park,13101 132nd Ave NE,Kirkland,,47.717363686756656,-122.16564628099525,N,
14th Ave NW Boat Ramp,4400 14th Ave NW,Seattle,98107,47.660775,-122.373536,N,
2nd Avenue South Dock,203 Lake St S,Kirkland,,47.67352254582274,-122.20738532331515,N,
3001 E Madison,3001 E Madison St,Seattle,98112,47.625169,-122.293173,N,
32nd Ave W Boat Launch,32nd Ave W,Seattle,98199,47.632345,-122.398685,N,
6th Ave NW Pocket Park,606  NW 76th St,Seattle,98117,47.684202,-122.363566,N,
A. B. Ernst Park,723 N 35th St,Seattle,98103,47.650087,-122.348826,N,
Adams Street Boat Ramp,Lake Washington Blvd S & S Adams St,Seattle,98118,47.565219,-122.267178,Y,
Albert Davis Park,12526 27th Ave NE,Seattle,98125,47.72016,-122.298752,N,
Alki Beach Park,1702 Alki Ave SW,Seattle,98116,47.582912,-122.402173,Y,
Alki Playground,5817 SW Lander St,Seattle,98116,47.578497,-122.407312,N,
Alvin Larkins Park,1504 34th Ave,Seattle,98122,47.614318,-122.288745,N,
Amy Yee Tennis Center,2000 Martin Luther King Jr Way S,Seattle,98144,47.584876,-122.29742,N,
Anderson Park,7802 168th Avenue NE,Redmond,,47.672914123547024,-122.1155920205671,N,
Andover Place,4000 Beach Dr SW,Seattle,98116,47.568517,-122.409993,Y,
Angle Lake Nature Trail,,SeaTac,98188,47.4261437916588,-122.2940344762787,N,
Angle Lake Park,19408 International Blvd,SeaTac,98188,47.42819458371175,-122.2937520724013,N,
Annex Community Park,425 SW 144th Street,Burien,,47.474165479176214,-122.34233108390107,N,
Arapahoe Triangle,3431 Arapahoe Pl W,Seattle,98199,47.65129,-122.409139,N,
Arbor Lake Park,12380 2nd Avenue S.,Burien,,47.49229687917726,-122.33175578390055,N,
Arroyos Natural Area,4120 Arroyo Dr SW,Seattle,98146,47.505679,-122.387822,N,
Arthur Johnson Park,7901 196th Avenue NE,Redmond,,47.67396669820004,-122.08113972310908,N,
Ashwood Playfield,10875 Northeast 12th Street,Bellevue,98004,47.621091884259,-122.19509886044,N,
Atlantic City Boat Ramp,8702 Seward Park Ave S,Seattle,98118,47.522834,-122.263078,N,
Atlantic Street Park,1501 21st Ave S,Seattle,98144,47.589165,-122.30566,N,
B.F. Day Playground,4020 Fremont Ave N,Seattle,98103,47.65603,-122.349222,N,
Bagley Viewpoint,2548 Delmar Dr E,Seattle,98102,47.643015,-122.318347,N,
Baker Park on Crown Hill,8347 14th Ave NW,Seattle,98117,47.690119,-122.374794,N,
Ballard Commons Park,5701 22nd Ave NW,Seattle,98107,47.670549,-122.385487,N,
Ballard Corners Park,1702 nw 62nd St,Seattle,98107,47.674186,-122.379116,N,
Ballard Playground,2644 NW 60th St,Seattle,98107,47.672786,-122.39155,N,
Ballinger Open Space,2350 NE 200th St,Shoreline,,47.77479384408698,-122.30526730553947,N,
Banner Way Triangle,7802 Banner Way NE,Seattle,98115,47.685762,-122.32343,N,
Bannerwood Sports Park,1790 Richards Road,Bellevue,98005,47.59605,-122.16262,N,
Bar-S Playground,6425 SW Admiral Way,Seattle,98116,47.575195,-122.416054,N,
Bayview Playground,2614 24th Ave W,Seattle,98199,47.643802,-122.386786,N,
Bayview-Kinnear (Lower Kerry Park),3rd Ave W & W Prospect St,Seattle,98119,47.628948,-122.360626,N,
Beacon Hill Playground,1902 13th Ave S,Seattle,98144,47.586226,-122.315325,N,
Beacon Place,1110 S Dearborn St,Seattle,98104,47.596236,-122.318716,N,
Bear and Evans Creek Open Space,Non-continuous; along Bear Creek from NE 95th Street to Union Hill Road,Redmond,,47.68248082054025,-122.08734944382725,N,
Bear Creek Park,Avondale Rd/Bear Creek Village,Redmond,,47.6723805623535,-122.1085147222586,N,
Beaver Pond Natural Area on Thornton Creek,5th Ave NE & NE 103rd St,Seattle,98125,47.703288,-122.323168,N,
Beck Place,5809 15th Ave NE,Seattle,98105,47.671888,-122.312027,N,
Beer Sheva Park,8650 55th Ave S,Seattle,98118,47.524191,-122.263223,N,
Bel-Red Mini Park,12300 Bel-Red Road,Bellevue,98005,47.619636257531,-122.1761595001,N,
Bell Street Park,1st to 5th Ave on Bell St,Seattle,98121,47.614696,-122.344866,N,
Bellefields Trailhead at Mercer Slough Nature Park,1905 118th Avenue SE,Bellevue,98005,47.594122771454,-122.18293683068,N,
Bellevue Botanical Garden,12001 Main St,Bellevue,98005,47.6093352,-122.1780428,N,
Bellevue Downtown Park,10201 NE 4th St,Bellevue,98004,47.613041704157,-122.20487006875,N,
Bellevue Place,Bellevue Ave E & Bellevue Pl E,Seattle,98102,47.626904,-122.327658,N,
Belltown Cottage Park,2512 Elliott Ave,Seattle,98121,47.613889,-122.350776,N,
Belmont Place,703 Belmont Pl E,Seattle,98102,47.625727,-122.324408,N,
Belvedere Park,3600 SW Admiral Way,Seattle,98126,47.580673,-122.376896,N,
Belvoir Place,3659 42nd Ave NE,Seattle,98105,47.655124,-122.283215,N,
Benefit Playground,9320 38th Ave S,Seattle,98118,47.518998,-122.284294,N,
Benvenuto Viewpoint,1401 23rd Ave S,Seattle,98122,47.589841,-122.303029,N,
Bergen Place,5420 22nd Ave NW,Seattle,98107,47.66833,-122.384495,N,
Bhy Kracke Park,1215 5th Ave N,Seattle,98109,47.630426,-122.348403,N,
Bicentennial Park,77th Avenue SE & SE 32nd Street,Mercer Island,98040,47.581784467477,-122.2353868711,N,
Big Finn Hill Park,NE 138th St & Juanita Dr NE,Kirkland,,47.72146182995507,-122.24213833843355,N,
Bike Skills Area,5500 Island Crest Way,Mercer Island,98040,47.552308700307,-122.22329698159,N,
Bitter Lake Playfield,13035 Linden Ave N,Seattle,98133,47.724209,-122.349314,N,
Bitter Lake Reservoir Open Space,14201 Linden Ave N,Seattle,98133,47.731181,-122.348583,N,
Blaine Place,513 W Olympic Pl,Seattle,98119,47.626809,-122.364152,N,
Blue Dog Pond,1520 26th Ave S,Seattle,98144,47.589982,-122.297814,N,
Blue Ridge Circle,1851 NW Blue Ridge Dr,Seattle,98117,47.70439,-122.380095,N,
Blue Ridge Place,Radford Ave NW & NW Milford Way,Seattle,98117,47.703423,-122.381171,N,
Boeing Creek Open Space,601 NW 175th St,Shoreline,,47.75647371163276,-122.36524090833348,N,
Boeing Creek Park,17229 3rd Ave NW,Shoreline,,47.75390676327098,-122.36352401520818,N,
Boren Place,321 Broadway,Seattle,98122,47.604999,-122.320952,N,
Bow Lake Park,5040 S 178th St,SeaTac,98188,47.44452269098942,-122.27100221885304,N,
Boylston Place,815 Broadway,Seattle,98104,47.609976,-122.32094,N,
Bradner Gardens Park,1730 Bradner Pl S,Seattle,98144,47.587419,-122.295426,N,
Bridle Crest Trail,,Redmond,,47.65940636258343,-122.12738430323635,N,
Bridle Trails Corner Park,2402 134th Ave NE,Bellevue,98005,47.632108452223,-122.16202327448,N,
Bridle Trails State Park,5300 116th Ave NE,Kirkland,,47.65326232422218,-122.17373249829392,N,
Bridle Trails Valley Creek Park,4432 140th Ave NE,Bellevue,98005,47.651100211651,-122.1530794586,N,
Brighton Playfield,6000 39th Ave S,Seattle,98118,47.548387,-122.2821,N,
Broadview Park,Greenwood Ave N & N 122nd St,Seattle,98133,47.717936,-122.355836,N,
Brookhaven Park,9911 NE 128th St,Kirkland,,47.71471776896474,-122.208215937672,N,
Brugger's Bog,19533 25th Ave NE,Shoreline,,47.77251475333458,-122.30435352070414,N,
Bryant Neighborhood Playground,4103 NE 65th St,Seattle,98115,47.675299,-122.283644,N,
Bud Homan Park,15305 119th Ave NE,Kirkland,,47.73952879657672,-122.18354133125148,N,
Burien Community Center,,Burien,,47.47100937917593,-122.34359438390108,N,
Burien Skate Park,14549 4th Ave. SW,Burien,,47.472757779176014,-122.34173518423142,N,
Burke-Gilman Playground Park,5201 Sand Point Way NE,Seattle,98105,47.666634,-122.282623,N,
Burnett Linear Park,502 Burnett Ave S,Renton,,47.47585834,-122.20806647,N,
Burrows Landing,9500 SE 15th Street,Bellevue,98004,47.59848888261,-122.21012891534,N,
Cal Anderson Park and Bobby Morris Playfield,1635 11th Ave,Seattle,98122,47.617013,-122.319134,N,
California Place,2099 California Ave SW,Seattle,98116,47.585641,-122.386696,N,
Camp Long,5200 35th Ave SW,Seattle,98126,47.556242,-122.373161,N,
Carillon Woods,5429 106th Ave NE,Kirkland,,47.656655391673,-122.19950133320589,N,
Carkeek Park,950 NW Carkeek Park Rd,Seattle,98117,47.712194,-122.379763,Y,2026-07-11
Carleton Center,2319 Westmont Way W,Seattle,98199,47.639414,-122.406385,N,
Carleton Highlands,3298 Perkins Ln W,Seattle,98199,47.650028,-122.415934,N,
Cascade Park,SE 162nd St & 122nd Ave SE,Renton,,47.45817121,-122.17578553,N,
Cascade Place,5119 Palmer Ct NW,Seattle,98107,47.666216,-122.358092,N,
Cascade Playground,333 Pontius Ave N,Seattle,98109,47.621405,-122.332355,N,
Cascade View Community Park,14211 37th Avenue South,Tukwila,98168,47.475875251492,-122.286556884083,N,
Cascade View Park,16202 NE 40th Street,Redmond,,47.64712050544736,-122.12305331494981,N,
Cedar Park,3737 NE 135th St,Seattle,98125,47.725808,-122.288042,N,
Cedar River Dog Park,1500 Houser Way S,Renton,,47.4760121,-122.19266303,N,
Cedar River Natural Area,Narco Property,Renton,,47.4760121,-122.19266303,N,
Cedar River Park,1715 SE Maple Valley Hwy,Renton,,47.48161923,-122.19623938,N,
Cedar River Trail - Logan to Library,,Renton,,47.49428682,-122.21304568,N,
Cedar River Trail - South,,Renton,,47.49428682,-122.21304568,N,
Cedar River Trail Extension,101 Burnett Pl S,Renton,,47.48396022,-122.20842642,N,
Cedar River Trail Park Lake to Logan,Logan to mouth of river,Renton,,47.49428682,-122.21304568,N,
Cedar View Park,11401 NE 90th St,Kirkland,,47.68194535231013,-122.18783137484364,N,
Cedarbrook Elementary Site,2000 NE PERKINS WAY,Shoreline,,47.7655938531444,-122.30807009366859,N,
Cesar Chavez Park,700 S Cloverdale St,Seattle,98108,47.52678,-122.32562,N,
Chandler Neighborhood Park,16692 SE 56th Pl,Bellevue,98006,47.553515377629,-122.11738384924,N,
Charles Richey Sr Viewpoint,3521 Beach Dr SW,Seattle,98116,47.57242,-122.413877,Y,
Cheasty Boulevard,Cheasty Blvd S & S Della St,Seattle,98144,47.572682,-122.299204,N,
Cheasty GS: Cheasty Blvd,Cheasty Blvd S & S Della St,Seattle,98144,47.572682,-122.299204,N,
Chelsea Park,802 SW 137th Street,Burien,,47.480148479176464,-122.34810248423116,N,
Cherry Crest Mini Park,2532 127th Ave NE,Bellevue,98005,47.633426710847,-122.1703720197,N,
Cherry Crest Park,12404 NE 32nd Street,Bellevue,98005,47.64164020847,-122.17373591534,N,
Chesterfield Beach Park,SE 25th St & Killarney Way,Bellevue,98004,47.588097557305,-122.204489701,N,
Chinook Beach Park,700 S Cloverdale St,Seattle,98118,47.520135,-122.258376,N,
Chism Beach Park,9600 SE 11th St,Bellevue,98004,47.600990845937,-122.21123683068,N,
Christie Park,817 NE 43rd St,Seattle,98105,47.659308,-122.319072,N,
City Dock at 84th Ave NE,84th Ave NE,Medina,98039,47.6115698792,-122.22825096299,N,
City Dock at Lake Lane,Lake Lane,Medina,98039,47.64226447493,-122.23601869061,N,
City Hall Park,450 3rd Ave,Seattle,98119,47.602022,-122.329875,N,
Cleveland Playfield,5512 13th Ave S,Seattle,98108,47.552012,-122.315542,N,
Cleveland Richardson Property,19415 Talbot Rd S,Renton,,47.42751627,-122.21666333,N,
Clyde Beach Park,2 92nd Ave NE,Bellevue,98004,47.61488023033,-122.21765050935,N,
Coal Creek Natural Area,,Bellevue,,47.537901833567,-122.13484346867,N,
Codiga Park,12535 50th Place South,Tukwila,98178,47.491373319669,-122.270786421512,N,
Coe Play Park,2420 7th Ave W,Seattle,98119,47.640108,-122.365952,N,
College Street Park,30th Ave S & S College St,Seattle,98144,47.582697,-122.294616,N,
College Street Ravine,5050 SW College St,Seattle,98116,47.583406,-122.395546,N,
Collingwood Mini Park,16030 SE 46th Way,Bellevue,98006,47.563370692159,-122.12610381349,N,
Colman Park,1800 Lake Washington Blvd S,Seattle,98144,47.58547,-122.288612,N,
Colman Playground,1740 23rd Ave S,Seattle,98122,47.587625,-122.301957,N,
Columbia Park,4721 Rainier Ave S,Seattle,98118,47.559792,-122.287394,N,
Commissioner's Waterway Mini Park,1669 148th Ave NE,Bellevue,98007,47.625518002439,-122.14348135966,N,
Commodore Park,3330 W Commodore Way,Seattle,98107,47.66538,-122.40014,Y,
Community Center,13735 24th Ave S,SeaTac,98168,47.480410215331055,-122.3038788211686,N,
Community Garden,13735 24th Ave S,SeaTac,98168,47.47922392126292,-122.30364697810572,N,
Conrad Olson Farm,"around the 189th ""block"" of NE 95th Street",Redmond,,47.68647730504623,-122.08818416019919,N,
Corliss Place,2166 N 50th St,Seattle,98103,47.665198,-122.330874,N,
Cormorant Cove,3701 Beach Dr SW,Seattle,98116,47.570984,-122.412089,Y,
Cottage Grove Park,5206 26th Ave SW,Seattle,98106,47.554364,-122.365311,N,
Cotton Hill Park,11006 NE 98th St,Kirkland,,47.68894674722821,-122.19339606929147,N,
Counterbalance Park: An Urban Oasis,700 Queen Anne Ave N,Seattle,98109,47.625683,-122.356323,N,
Cowen Park,5849 15th Ave NE,Seattle,98105,47.672596,-122.313072,N,
Crescent Place,7515 Orin Ct N,Seattle,98103,47.684317,-122.333029,N,
Crestview Park,16200 42nd Avenue South,Tukwila,98188,47.457881718693,-122.281087462168,N,
Crestwoods Park,1818 6th St,Kirkland,,47.693886303437715,-122.19549842047172,N,
Cromwell Park,18030 Meridian Ave N,Shoreline,,47.760133869580415,-122.33346544624493,N,
Crossroads Park,999 164th Ave NE,Bellevue,98008,47.618202031114,-122.12249409079,N,
Crown Hill Glen,8735 19th Ave NW,Seattle,98117,47.693703,-122.381394,N,
Crown Hill Park,9089 Holman Rd NW,Seattle,98117,47.696071,-122.373976,N,
Crystal Springs Park,15832 51st Avenue South,Tukwila,98188,47.461183757816,-122.270502536518,N,
Daejeon Park,1144 Sturgus Ave S,Seattle,98144,47.59192,-122.312163,N,
Dahl Playfield,7700 25th Ave NE,Seattle,98115,47.685267,-122.299309,N,
Dakota Place Park,4304 SW Dakota St,Seattle,98116,47.566844,-122.387164,N,
Darnell Park,1125 N 165th St,Shoreline,,47.748137387127294,-122.34366154370773,N,
David E. Brink Park,555 Lake St S,Kirkland,,47.67112447956072,-122.20715261420759,N,
David Rodgers Park,2800 1st Ave W,Seattle,98119,47.644135,-122.359484,N,
Day Street Boat Ramp,1402 Lakeside Ave S,Seattle,98144,47.59026,-122.285154,N,
Deane's Children's Park,5500 Island Crest Way,Mercer Island,98040,47.552309148025,-122.22279774826,N,
Dearborn Park,2919 S Brandon St,Seattle,98126,47.553389,-122.296225,N,
Deer Run Park,17600 Village Park Drive SE,Bellevue,98006,47.553669686211,-122.10955036442,N,
Delridge Playfield,4458 Delridge Way SW,Seattle,98106,47.562842,-122.364371,N,
Denny Blaine Lake Park,100 Maiden Ln E,Seattle,98112,47.61833,-122.284838,N,
Denny Blaine Park,200 Lake Washington Blvd E,Seattle,98112,47.62011,-122.280548,N,
Denny Park,100 Dexter Ave N,Seattle,98109,47.61913,-122.341049,N,
Des Moines Memorial,15623 Des Moines Memorial Drive,Burien,,47.4627654791754,-122.32631568423177,N,
Discovery Park,3801 Discovery Park Blvd,Seattle,98199,47.66083,-122.415282,Y,
Don Armeni Park,1222 Harbor Ave SW,Seattle,98116,47.59274,-122.382295,Y,
Doris Cooper Houghton Beach Park,5811 Lake Washington Blvd NE,Kirkland,,47.66030139586085,-122.20747231022023,N,
Dottie Harper Park,421 SW 146th Street,Burien,,47.47216817917596,-122.3421595842314,N,
Downtown Park,Redmond Way and Cleveland Street adjacent to 161st Ave NE,Redmond,,47.674259743196586,-122.1247532820318,N,
Dr. Blanche Lavizzo Park,2100 S Jackson St,Seattle,98144,47.600278,-122.304179,N,
Dr. Jose Rizal Park,1007 12th Ave S,Seattle,98144,47.593859,-122.318094,N,
Dudley Carter Park,7447 159th PL NE,Redmond,,47.671158871448874,-122.12787103525066,N,
Duwamish Gardens,Intersection of Interurban Avenue South and South 115th Street,Tukwila,98225,48.711117344921,-122.487212805914,N,
Duwamish Park,11646 42nd Avenue South,Tukwila,98168,47.499487054531,-122.280439293434,N,
Duwamish Waterway Park,7900 10th Ave S,Seattle,98106,47.531156,-122.319694,N,
E.C. Hughes Playground,2805 SW Holden St,Seattle,98126,47.532805,-122.369545,N,
Eagle Landing Park,14641 25th Avenue SW,Burien,,47.4721078791761,-122.36704828423149,N,
Earlington Park,272 Thomas Ave SW,Renton,,47.48056094,-122.22744334,N,
East Montlake Park,2802 E Park Drive East,Seattle,98112,47.646662,-122.301441,N,
East Norway Hill Park,15101 124th Ave NE,Kirkland,,47.73806323239473,-122.1803030636446,N,
East Portal Viewpoint,1400 Lake Washington Blvd S,Seattle,98144,47.590222,-122.287893,N,
East Queen Anne Playground,1912 Warren Ave N,Seattle,98109,47.636139,-122.353786,N,
Eastgate Park,14500 SE Newport Way,Bellevue,98006,47.569952183997,-122.14597025947,N,
Eastlake Triangle,10th Ave E & E Prospect St,Seattle,98109,47.62841,-122.328918,N,
Eastmont Place,2201 Westmont Way W,Seattle,98199,47.637689,-122.405566,N,
Eastside Off-Leash Area,1902 NE 150th St,Shoreline,,47.739497422565925,-122.30797368219172,N,
Echo Lake Park,1521 N 200th St,Shoreline,,47.773133696839636,-122.34118097107317,N,
Echo Lake Park West,,Shoreline,,47.770909834017544,-122.3445905217715,N,
Eddie Vine Boat Ramp,8001 Seaview Ave NW,Seattle,98117,47.686852,-122.403454,N,
Edith Moulton Park,13634 108th Ave NE,Kirkland,,47.723492442657836,-122.19400580426756,N,
Edlund Property,17600 103rd Ave SE,Renton,,47.4437011,-122.20570882,N,
Edwin Pratt Memorial Park,,Shoreline,,47.76292629786763,-122.34125232172435,N,
Ella Bailey Park,2601 W Smith St,Seattle,98199,47.640584,-122.39106,N,
Emma Schmitz Memorial Overlook,4503 Beach Dr SW,Seattle,98116,47.562898,-122.40712,Y,
Enatai Beach Park,3519 108th Ave SE,Bellevue,98004,47.579799627551,-122.19745354233,N,
Enatai Neighborhood Park,10661 SE 25th St,Bellevue,98004,47.587494563896,-122.19739586827,N,
Endolyne Park,9827 49th Ave SW,Seattle,98116,47.514542,-122.39438,N,
Ercolini Park,4542 48th Ave SW,Seattle,98116,47.515021,-122.394275,N,
Esterra Park,Capstone,Redmond,,47.63498588379189,-122.13540003965042,N,
Everest Park,500 8th St S,Kirkland,,47.67115867192074,-122.19031638659196,N,
Evergreen Park,15655 Lake Hills Boulevard,Bellevue,98007,47.603418265809,-122.12889255947,N,
Fairmount Playfield,5400 Fauntleroy Way SW,Seattle,98136,47.554041,-122.380549,N,
Fairview Park,2900 Fairview Ave E,Seattle,98102,47.647413,-122.325368,N,
Fairview Walkway,1251 Fairview Ave. N,Seattle,98109,47.630501,-122.328967,N,
Fairweather Nature Preserve,Evergreen Point Road & NE 32nd St,Medina,98039,47.637691663888,-122.23508219252,N,
Farrel-McWhirter Park,19545 Redmond Road,Redmond,,47.695312840845425,-122.08135083192565,N,
Fauntleroy Creek Ravine,9102 Fauntleroy Way SW,Seattle,98136,47.522599,-122.392498,N,
Fauntleroy Park,3951 SW Barton St,Seattle,98136,47.5192,-122.383222,Y,
Fauntleroy Place,4501 Fauntleroy Way SW,Seattle,98126,47.562715,-122.379834,N,
Ferdinand Street Boat Ramp,5018 Lake Washington Blvd S,Seattle,98118,47.561358,-122.264912,Y,
Firehouse Mini Park,712 18th Ave,Seattle,98122,47.608448,-122.308558,N,
First Hill Park,1201 University St,Seattle,98101,47.611906,-122.325512,N,
First Hill Park,72nd Avenue SE,Mercer Island,98040,47.582421319447,-122.2434227693,N,
Fisk Family Park,212 6th St,Kirkland,,47.673817928870974,-122.19620205490709,N,
Flagpole Plaza,164th Avenue NE & Redmond Way,Redmond,,47.67448292614644,-122.1225576302099,N,
Fletcher Place,9285 Waters Ave S,Seattle,98118,47.519093,-122.261484,N,
Flo Ware Park,2800 S Jackson St,Seattle,98144,47.599557,-122.295868,N,
Forbes Creek Park,11615 NE 106th Ln,Kirkland,,47.69452980515083,-122.18595465637839,N,
Forbes Lake Park,9501 124th Ave NE,Kirkland,,47.68620156791152,-122.17752071286665,N,
Forest Glen Neighborhood Park,5911 Forest Drive SE,Bellevue,98006,47.545692037048,-122.14744024896,N,
Forest Hill Neighborhood Park,13232 SE 51st Pl,Bellevue,98006,47.557947208912,-122.16336482145,N,
Forest Ridge Mini Park,15439 SE 67th St,Bellevue,98006,47.541455401118,-122.13615536606,N,
Fort Dent Park,6800 Fort Dent Way,Tukwila,98188,47.467091216107,-122.247932652638,N,
Freeway Park - Jim Ellis Freeway Park,700 Seneca St,Seattle,98101,47.609472,-122.330904,N,
Fremont Canal Park,199 N Canal St,Seattle,98103,47.651802,-122.357864,Y,
Fremont Peak Park,4357 Palatine Ave N,Seattle,98103,47.661108,-122.356671,N,
Frink Park,398 Lake Washington Blvd S,Seattle,98144,47.599506,-122.290256,N,
Froula Playground,7200 12th Ave NE,Seattle,98115,47.680538,-122.313978,N,
Garfield Playfield,537 25th Ave,Seattle,98122,47.607098,-122.301412,N,
Gas Works Park,2101 N Northlake Way,Seattle,98103,47.645639,-122.334906,Y,
Gateway Park,Logan Ave S & S 3rd St,Renton,,47.47994016,-122.20949482,N,
Gene Coulon Memorial Park,1201 Lake Washington Blvd N,Renton,,47.50609831,-122.20187419,N,
Genesee Park and Playfield,4316 S Genesee St,Seattle,98118,47.564856,-122.278744,N,
Georgetown Playfield,750 S Homer St,Seattle,98108,47.55162,-122.321396,N,
Gerber Park,575 M L King Jr Way S,Seattle,98122,47.607709,-122.296568,N,
Gilman Playground,923 NW 54th St,Seattle,98107,47.667292,-122.369684,N,
Glencoe Park,4440 NE 24th St,Renton,,47.51327525,-122.15968502,N,
Gloria's Path,Fremont Ave N & N 163rd St,Shoreline,,47.74613224259341,-122.35096593380725,N,
Goddard Mini Park,715 100th Ave NE,Bellevue,98004,47.616878955691,-122.20729472884,N,
Golden Gardens Park,8498 Seaview Pl NW,Seattle,98117,47.686852,-122.403454,N,
Goldsmith Neighborhood Park,14475 NE 35th Street,Bellevue,98007,47.640290422037,-122.14766065542,N,
Grand Army of the Republic Cemetery,1200 E Howe St,Seattle,98102,47.636461,-122.316261,N,
Grandview Off-Leash Dog Park,3600 S 228th St,SeaTac,98198,47.3983825454046,-122.28546597424062,N,
Grandview Park,3600 S. 228th St Seatac,Burien,,47.397563979171316,-122.2878929843767,N,
Grass Lawn Park,7031 148th Avenue NE,Redmond,,47.66827986411564,-122.14604092028996,N,
Green Lake Park,7201 E Greenlake Dr N,Seattle,98115,47.678938,-122.330394,Y,
Greenwood Park,602 N 87th St,Seattle,98117,47.693048,-122.350647,N,
Greenwood Triangle,304 NW 55th St,Seattle,98107,47.668902,-122.361032,N,
Greg Davis Park,2600 SW Brandon St,Seattle,98106,47.55437,-122.366001,N,
Hamilton Viewpoint Park,1120 California Ave SW,Seattle,98116,47.590748,-122.38907,N,
Hamlin Park,16006 15th Ave NE,Shoreline,,47.746496646041365,-122.30823979322092,N,
Harborview Park,779 Alder St,Seattle,98104,47.603014,-122.323693,N,
Harrison Ridge Greenbelt,138 32nd Ave E,Seattle,98112,47.619711,-122.290339,N,
Hartman Park,17300 NE 104th Street,Redmond,,47.69103986131831,-122.10812176629977,N,
Harvard-Miller/Roanoke Annex,2351 Broadway E,Seattle,98102,47.641091,-122.321643,N,
Hazel Valley Park,251 SW 126th Street,Burien,,47.48975727917711,-122.3399094842309,N,
Hazelnut Park,14475 59th Avenue South,Tukwila,98168,47.473342446353,-122.259160437344,N,
Hazen Hills Park,13215 121st Ave NE,Kirkland,,47.71869234635964,-122.1789351368479,N,
Hemlock,N 192nd,Shoreline,,47.76734301073485,-122.34779708857889,N,
Heritage Park,111 Waverly Way,Kirkland,,47.67838580114569,-122.21126302459,N,
Heritage Park,233 Union Ave NE,Renton,,47.48582729,-122.1655636,N,
Heron Rookery Park,North side of Leary Way between NE 76th St and 159th PL NE,Redmond,,47.67214048282215,-122.12624488673542,N,
Heronfield Wetlands,11225 NE 120th St,Kirkland,,47.70852473644645,-122.1935683412328,N,
Herring's House Park (T'ul'altx),4570 West Marginal Way SW,Seattle,98106,47.561514,-122.349545,N,
Hiawatha Playfield,2700 California Ave SW,Seattle,98116,47.578272,-122.384965,N,
Hidden Valley Park,1903 112th Ave NE,Bellevue,98004,47.627258695843,-122.19176595091,N,
Highland Drive Parkway,165 Highland Dr,Seattle,98109,47.629736,-122.353337,N,
Highland Park Playground,1100 SW Cloverdale St,Seattle,98106,47.52738,-122.349034,N,
"Highland Park, Community Center and Bellevue Skate Park",14224 Bel-Red Road,Bellevue,98007,47.625268077889,-122.1511232635,N,
Highland Place,93 Highland Dr,Seattle,98109,47.629656,-122.355466,N,
Highlands Park,11210 NE 102nd St,Kirkland,,47.69099974400107,-122.18973931217481,N,
Highlands Park,800 Edmonds Ave NE,Renton,,47.49578512,-122.18419233,N,
Hillaire Park,15803 NE 6th St,Bellevue,98008,47.614879486814,-122.12961326299,N,
Hilltop Park,2600 S 128th Street,Burien,,47.48901737917695,-122.30157978423091,N,
Hillwood Park,19001 3rd Ave NW,Shoreline,,47.767727388828746,-122.36374916572454,N,
Hing Hay Park,423 Maynard Ave S,Seattle,98104,47.598609,-122.325435,Y,
Hitt's Hill Park,5234 37th Ave S,Seattle,98118,47.554207,-122.28455,N,
Homer Harris Park,2401 E Howell St,Seattle,98122,47.617309,-122.300994,N,
Homestead Park,SE 40th Street & 82nd Avenue SE,Mercer Island,98040,47.573795795104,-122.22999177531,N,
Horiuchi Park,156 Boren Ave,Seattle,98122,47.603132,-122.318982,N,
Horton Hill Corridor,3298 36th Ave S,Seattle,98144,47.573846,-122.287187,N,
Howell Park,1740 Howell Pl,Seattle,98122,47.617518,-122.280313,N,
Hubbard Homestead,11203 5th Ave NE,Seattle,98125,47.709964,-122.324674,N,
Hunter Boulevard,3299 Hunter Blvd S,Seattle,98144,47.573877,-122.285153,N,
Hutchinson Playground,59th Ave S & S Norfolk St,Seattle,98118,47.514312,-122.260062,N,
Hyde Place,3811 E Madison St,Seattle,98112,47.632304,-122.282887,N,
I-5 Colonnade,1701 Lakeview Blvd E,Seattle,98102,47.634898,-122.323409,N,
Idylwood Beach Park,3650 West Lake Sammamish Parkway NE,Redmond,,47.642849193030486,-122.10306247085403,N,
Innis Arden Reserve,17601 14th Ave NW,Shoreline,,47.75595521380287,-122.37847255015593,N,
Interbay Athletic Complex,3027 17th Ave W,Seattle,98119,47.647239,-122.379191,N,
Interbay Golf,2501 15th Ave W,Seattle,98119,47.643753,-122.378455,N,
Interlaken Park,2451 Delmar Dr E,Seattle,98102,47.636257,-122.308316,N,
International Children's Park,700 S Lane St,Seattle,98104,47.596897,-122.323412,N,
Interurban ROW access,,Shoreline,,47.73679388048971,-122.34745397454638,N,
Interurban Trail,N 145th St to N 205th St,Shoreline,,47.769017532262836,-122.34277264918295,N,
Inverness Ravine Park,8619 45th Ave NE,Seattle,98115,47.691145,-122.280809,N,
Island Crest Park,5500 Island Crest Way,Mercer Island,98040,47.550931294554,-122.22358515143,N,
Ivanhoe Park,16600 Northup Way,Bellevue,98008,47.623719888893,-122.11832148177,N,
Jackson Park Golf Course,1100 NE 135th St,Seattle,98125,47.729254,-122.319103,N,
Jacob Ambaum Park,12621 Ambaum Blvd. SW,Burien,,47.489386779177195,-122.35253068423087,N,
James Keough Park,2301 N 167th St,Shoreline,,47.75129029337077,-122.3308452957841,N,
Japanese Garden,1075 Lake Washington Blvd E,Seattle,98112,47.627312,-122.2952,N,
Jefferson Park,3801 Beacon Ave S,Seattle,98108,47.568067,-122.311441,N,
Jefferson Park Golf Course,4101 Beacon Ave S,Seattle,98108,47.567202,-122.305242,N,
Jimi Hendrix Park,2400 S Massachusetts St,Seattle,98144,47.588907,-122.300842,N,
"John C. Little, Sr. Park",6961 37th Ave S,Seattle,98118,47.539048,-122.286686,N,
Jones Park,98 Wells Ave S,Renton,,47.48287492,-122.20478674,N,
Joseph Foster Memorial Park,13919 53rd Avenue South,Tukwila,98168,47.477736365411,-122.268297802336,N,
Josten Park,11140 NE 129th St,Kirkland,,47.716272234973054,-122.19147325215081,N,
JU5,10008 NE 140th St,Kirkland,,47.72680270368564,-122.2079009930579,N,
Juanita Bay Park,2201 Market St,Kirkland,,47.69679359267069,-122.20870259318748,N,
Juanita Beach Park,9703 NE Juanita Dr,Kirkland,,47.7044431368636,-122.21544874946788,N,
Juanita Triangle Park,76th Pl NE & Juanita Dr NE,Kirkland,,47.70837907196975,-122.23780350337158,N,
Juanita Woodlands Park,NE 118th St & Juanita Dr NE,Kirkland,,47.70584231513952,-122.238069259159,N,
Judge Charles M. Stokes Overlook,20th Ave S & S Judkins St,Seattle,98144,47.591632,-122.306962,N,
Judkins Park and Playfield,2150 S Norman St,Seattle,98144,47.592425,-122.303951,N,
Juel Park,NE 116th Street,Redmond,,47.70091498588227,-122.0869464580942,N,
Junction Plaza,42nd Ave SW & SW Alaska St,Seattle,98116,47.561204,-122.385491,N,
Katie Black's Garden,1150 S Atlantic St,Seattle,98144,47.590421,-122.317642,N,
Kayu Kayu Ac Park,19911 Richmond Beach Dr NW,Shoreline,,47.77433588698357,-122.39226704919639,N,
Keeney Park,17203 Northup Way,Bellevue,98008,47.619102968887,-122.11029523595,N,
Kennydale Beach Park,3601 Lake Washington Blvd N,Renton,,47.52331846,-122.20764863,N,
Kennydale Lions Park,2428 Aberdeen Ave NE,Renton,,47.51435469,-122.19049532,N,
Kenyon-Dobson Property,3447 Lincoln Dr NE,Renton,,47.52231374,-122.18770955,N,
Kerry Park,211 W Highland Dr,Seattle,98119,47.629023,-122.359874,N,
Keystone Place,5664 Keystone Pl N,Seattle,98103,47.670304,-122.333769,N,
Kilbourne Park,9131 California Ave SW,Seattle,98136,47.52133,-122.388277,N,
Killarney Glen Park,1933 104th Ave SE,Bellevue,98004,47.593352562073,-122.20187419869,N,
Kingfisher Natural Area on Thornton Creek,15th Ave NE & NE 105th St,Seattle,98125,47.704889,-122.312411,N,
Kingsgate Park,11532 NE 140th St,Kirkland,,47.726713248709764,-122.18760383666573,N,
Kinnear Park,899 W Olympic Pl,Seattle,98119,47.627317,-122.367207,N,
Kirke Park,7028 9th Ave NW,Seattle,98117,47.680338,-122.368021,N,
Kiwanis Memorial Preserve Park,4441 Brygger Dr W,Seattle,98199,47.66197,-122.401004,N,
Kiwanis Memorial Preserve Park,4531 33rd Ave W,Seattle,98199,47.660251,-122.403237,N,
Kiwanis Park,1405 10th St W,Kirkland,,47.6906653728888,-122.21785106770463,N,
Kiwanis Park,815 Union Ave NE,Renton,,47.49694499,-122.1660966,N,
Kobe Terrace,650 Main St,Seattle,98104,47.60042,-122.324494,N,
Kruckeberg Botanic Garden,20312 15 Ave NW,Shoreline,,47.776450355695246,-122.37585027919344,N,
Kubota Garden,9817 55th Ave S,Seattle,98118,47.513543,-122.266125,N,
Lake Ave W Street End Park,297 Lake Ave W,Kirkland,,47.67979100795097,-122.21431274704682,N,
Lake Burien School Memorial Park,,Burien,,47.47007917917601,-122.3584224842315,N,
Lake City Memorial Triangle,12356 Lake City Way NE,Seattle,98125,47.718819,-122.295266,N,
Lake City Mini Park,12359 Lake City Way NE,Seattle,98125,47.71911,-122.295875,N,
Lake Hills Community Park,1200 164th Ave SE,Bellevue,98008,47.598839779856,-122.12221920053,N,
Lake Hills Greenbelt,15416 SE 16th St,Bellevue,98007,47.596707226616,-122.13413314601,N,
Lake People Park (Xacua'bs),3100 S Bradford st,Seattle,98108,47.569133,-122.292012,N,
Lake Sammamish Landing,,Bellevue,,47.59457204682,-122.1101563611,N,
Lake Union Park,860 Terry Ave N,Seattle,98109,47.627015,-122.338848,Y,
Lakemont Community Park,5170 Village Park Drive SE,Bellevue,98006,47.556919787178,-122.11343002657,N,
Lakemont Highlands Neighborhood Park,15800 SE 63rd St,Bellevue,98006,47.547082182528,-122.13052763138,N,
Lakeridge Park,10201 Holyoke Way S,Seattle,98178,47.506033,-122.247429,N,
Lakeridge Playfield,10145 Rainier Ave S,Seattle,98178,47.510319,-122.246841,N,
Lakeview Dog park,15820 6th Ave SW,Burien,,47.4957592861489,-122.36864639233374,N,
Lakeview Park,340 37th Ave E,Seattle,98112,47.62205,-122.284732,N,
Lakeview Park,422 SW 160th Street,Burien,,47.4605875791752,-122.34300198423172,N,
Lakeview Place,1042 Lakeview Blvd E,Seattle,98102,47.62939,-122.325705,N,
Lakewood Moorage,4400 Lake Washington Blvd S,Seattle,98118,47.562981,-122.268295,Y,
Lakewood Playfield,5013 S Angeline St,Seattle,98118,47.558831,-122.27006,N,
Lakewood Triangle,3114 Cascadia Ave S,Seattle,98144,47.576058,-122.28372,N,
Lambert Place,3800 E Madison St,Seattle,98112,47.632017,-122.283837,N,
Landing Parkway,4099 S Horton St,Seattle,98144,47.573861,-122.283396,N,
Lattawood Park,4530 155th Ave SE,Bellevue,98006,47.564020476022,-122.13382751487,N,
Laurelhurst Playfield,4544 NE 41st St,Seattle,98105,47.65989,-122.278019,N,
Laurelhurst Triangle,3325 East Laurelhurst Dr NE,Seattle,98105,47.652696,-122.277487,N,
LaVilla Meadows Natural Area on Thornton Creek,Ravenna Ave NE & NE 100th St,Seattle,98115,47.701262,-122.299926,N,
Lawton Park,4005 27th Ave W,Seattle,98199,47.655065,-122.391158,N,
Leschi Park,201 Lakeside Ave. S,Seattle,98122,47.600931,-122.286548,N,
Leschi-Lake Dell Natural Area,3525 E Terrace St,Seattle,98122,47.604695,-122.287835,N,
Lewis Creek Park,5808 Lakemont Blvd SE,Bellevue,98006,47.550434556053,-122.12555958495,N,
Lewis Park,1120 15th Ave S,Seattle,98144,47.592857,-122.314435,N,
Liberty Park,1101 Bronson Way N,Renton,,47.48262809,-122.20030026,N,
Licorice Fern Natural Area on Thornton Creek,12th Ave NE & NE 130th St,Seattle,98115,47.723106,-122.315433,N,
Licton Springs Park,9536 Ashworth Ave N,Seattle,98103,47.698542,-122.338735,N,
Lincoln Park,8011 Fauntleroy Way SW,Seattle,98136,47.531176,-122.396012,Y,
Linde Hill Park,651 SW 141st Street,Burien,,47.476951079176224,-122.3461886842313,N,
Linden Orchard Park,Linden Ave N & N 67th St,Seattle,98103,47.678016,-122.347727,N,
Little Brook Park,14043 32nd Ave NE,Seattle,98125,47.731387,-122.294567,N,
Llandover Woods Greenspace,14499 3rd Ave NW,Seattle,98177,47.733024,-122.364545,N,
Longfellow Creek Greenspace,Delridge Way SW & SW Graham St,Seattle,98106,47.530167,-122.363435,N,
Louisa Boren Park,1606 15th Ave E,Seattle,98112,47.635274,-122.311628,N,
Lowman Beach Park,7017 Beach Dr SW,Seattle,98136,47.540367,-122.396728,Y,
Loyal Heights Playfield,2101 NW 77th St,Seattle,98117,47.684106,-122.38324,N,
Luke McRedmond Landing,15811 Redmond Way,Redmond,,47.673130172558544,-122.1313188760615,N,
Lynn Street Mini Park,2291 Fairview Ave E,Seattle,98102,47.639849,-122.32975,N,
Macadam Winter Garden,5311 South 144th Street,Tukwila,98168,47.4739920877,-122.268150058578,N,
MacLean Park,1922 Taylor Ave N,Seattle,98109,47.636191,-122.345276,N,
Madison Park,4201 E Madison St,Seattle,98112,47.635779,-122.276602,N,
Madison Park North Beach,2300 43rd Ave E,Seattle,98112,47.639084,-122.276118,N,
Madrona Briar Patch,1605 Madrona Dr,Seattle,98122,47.615231,-122.284261,N,
Madrona Park,853 Lake Washington Blvd,Seattle,98122,47.609299,-122.282679,N,
Madrona Playground,3211 E Spring St,Seattle,98122,47.611022,-122.289885,N,
Madrona Ravine,3799 E Spring St,Seattle,98122,47.611456,-122.285412,N,
Magnolia Greenbelt,W Howe St & Dartmouth Ave W,Seattle,98199,47.636006,-122.389073,N,
Magnolia Manor Park,3500 28th Ave W,Seattle,98119,47.651085,-122.390877,N,
Magnolia Park,1461 Magnolia Blvd W,Seattle,98199,47.632366,-122.398993,Y,
Magnolia Playfield,2518 34th Ave W,Seattle,98199,47.643746,-122.399472,N,
Magnolia Tidelands Park,W Ruffner to Elliott Bay Marina,Seattle,98144,47.630922,-122.391648,Y,
Magnuson Park,7400 Sand Point Way NE,Seattle,98115,47.680304,-122.255084,Y,
Manhattan Park,18386 4th Ave S.,Burien,,47.43794697917395,-122.33113468423252,N,
Maple Leaf Community Garden,529 NE 103rd St,Seattle,98125,47.70326,-122.322269,N,
Maple Leaf Resevoir Park,1020 NE 82nd St,Seattle,98115,47.689015,-122.315613,N,
Maple School Ravine,1950 S Graham St,Seattle,98108,47.551071,-122.308342,N,
Maple Wood Playfield,4801 Corson Ave S,Seattle,98108,47.560041,-122.318845,N,
Maplewood Neighborhood Park,3400 Maple Valley Hwy,Renton,,47.47879191,-122.14677355,N,
Maplewood Park,3201 Maple Valley Hwy,Renton,,47.47575286,-122.17263725,N,
Marina Park,25 Lakeshore Plz,Kirkland,,47.674894845218844,-122.2090902178104,N,
Mark Twain Park,10625 132nd Ave NE,Kirkland,,47.69567925162487,-122.16647992034395,N,
Marra-Desimone Park,9026 4th Ave S,Seattle,98108,47.522124,-122.329372,N,
Marsh Park,6605 Lake Washington Blvd NE,Kirkland,,47.665784331644254,-122.2077944474422,N,
Marshall Park,1191 7th Ave W,Seattle,98119,47.629436,-122.366805,N,
Martha Washington Park,6612 57th Ave S,Seattle,98115,47.542398,-122.260054,N,
"Martin Luther King, Jr. Memorial",2200 Martin Luther King Jr  Way S,Seattle,98144,47.582756,-122.297165,N,
Martin Park,,Redmond,,47.67687493214384,-122.08097944771299,N,
Marvin's Garden,5400 Ballard Ave NW,Seattle,98107,47.667976,-122.384972,N,
Marymoor Park Fields,6046 W Lake Sammamish Pkwy NE,Redmond,98052,47.6619303273,-122.12584587556,N,
Mathison Park,533 S 146th Street,Burien,,47.471416979175935,-122.32888668423138,N,
Matthews Beach Park,5100 NE 93rd St,Seattle,98115,47.694564,-122.271785,N,
Mayfair Park,2600 2nd Ave N,Seattle,98109,47.643241,-122.353356,N,
McAuliffe Park,10824 NE 116th St,Kirkland,,47.705371139217846,-122.1963929158103,N,
McClellan Place,S McClellan St & Beacon Ave S,Seattle,98144,47.578695,-122.311648,N,
McCormick Park,16300 MERIDIAN AVE N,Shoreline,,47.74768214872138,-122.33257093208607,N,
McCormick Park,11190 NE 12th Street,Bellevue,98004,47.621170667423,-122.19424354151,N,
McGilvra Boulevard,1099 McGilvra Blvd E,Seattle,98112,47.626925,-122.282116,N,
McGilvra Place,1425 E Madison St,Seattle,98122,47.614233,-122.313032,N,
McGraw Square,Westlake Ave N & Stewart St,Seattle,98101,47.61299,-122.337587,N,
McMicken Heights Park,S 166th St & 40th Ave S,SeaTac,98188,47.455152227152894,-122.28430654026477,N,
Me-Kwa-Mooks Natural Area,4100 Aikins Ave SW,Seattle,98116,47.563782,-122.403424,N,
Me-Kwa-Mooks Park,4503 Beach Dr SW,Seattle,98116,47.563167,-122.404006,N,
Meadow Park,10710 160th Avenue NE,Redmond,,47.69630525335763,-122.1257829687436,N,
Meadow Wood Park,13817 SE 60th Street,Bellevue,98006,47.549112895272,-122.15559837991,N,
Meadowbrook Playfield,10533 35th Ave NE,Seattle,98125,47.705771,-122.293493,N,
Medina Beach Park/City Hall,501 Evergreen Point Road,Medina,98039,47.615329927696,-122.23937071665,N,
Medina Park,NE 12th St & 82nd Ave NE,Medina,98039,47.620324080742,-122.23124126921,N,
Mercer Slough Nature Park,2101 118th Ave SE,Bellevue,98005,47.593440966992,-122.18307567525,N,
Meridian Park,16765 Wallingford Ave N,Shoreline,,47.75181793107984,-122.3387305192964,N,
Meridian Playground,4649 Sunnyside Ave N,Seattle,98103,47.664159,-122.332557,N,
Meydenbauer Bay Park,9899 Lake Washington Blvd NE,Bellevue,98004,47.610271352631,-122.20942834358,N,
Miller Creek Trail,14455 Des Moines Memorial Drive,Burien,,47.47474527917612,-122.32010628390093,N,
Miller Playfield,330 19th Ave E,Seattle,98112,47.621433,-122.306261,N,
Miller Triangle,222 20th Ave E,Seattle,98112,47.620311,-122.305711,N,
Mineral Springs Park,1500 N 105th St,Seattle,98133,47.705755,-122.336528,N,
Mock Creek Ravine,9612 35th Ave NE,Seattle,98115,47.699037,-122.28962,N,
Montlake Boulevard,2811 Montlake Blvd E,Seattle,98112,47.645971,-122.30474,N,
Montlake Playfield,1618 E Calhoun St,Seattle,98112,47.642407,-122.310081,N,
Morgan Junction,6413 California Ave SW,Seattle,98136,47.545507,-122.387528,N,
Morningside Park,4030 95th Ave NE,Kirkland,,47.64755752889361,-122.21229712617688,N,
Moshier Community Art Center,430 S 156th Street,Burien,,47.46375587917558,-122.32970308390136,N,
Moshier Memorial Park,430 S 156th Street,Burien,,47.464872879175516,-122.32904868390128,N,
Mt. Baker Park,2521 Lake Park Dr S,Seattle,98144,47.580957,-122.288481,N,
Mt. Baker Ridge Viewpoint,1403 31st Ave S,Seattle,98144,47.589983,-122.292616,N,
Mt. Claire Park,2523 Mount Claire Dr S,Seattle,98144,47.580737,-122.28642,N,
Municipal Campus,North of NE 85th Street; between Sammamish River and 160th Ave NE,Redmond,,47.6801137368843,-122.13011131289271,N,
Myrtle Edwards Park,3130 Alaskan Way,Seattle,98121,47.618767,-122.36087,Y,
Myrtle Reservoir,35th Ave SW & SW Myrtle St,Seattle,98126,47.539206,-122.376716,N,
N 195th St Trail,19500 Meridian Ave N,Shoreline,,47.770542528650175,-122.33256318417612,N,
Nantes Park,5062 SW Admiral Way,Seattle,98116,47.579565,-122.397063,N,
Narco Property,,Renton,,47.4760121,-122.19266303,N,
Nathan Hale Playfield,10750 30th Ave NE,Seattle,98125,47.707715,-122.292028,N,
NE 60th Street Park,551 NE 60th St,Seattle,98115,47.671728,-122.322634,N,
Neal-Landguth Wetland Park,214 10th St S,Kirkland,,47.67390481546625,-122.19036712978938,N,
Newcastle Beach Park,4400 Lake Washington Blvd SE,Bellevue,98006,47.56637081856,-122.18965260255,N,
Newport Hills Park,6029 120th Avenue SE,Bellevue,98006,47.548623043846,-122.18057040255,N,
Newport Hills Woodlawn Park,11560 SE 60th Street,Bellevue,98006,47.550556371006,-122.18614420173,N,
Nike Park,17207 NE 92nd Street,Redmond,,47.68313369900059,-122.10826232234317,N,
Nora's Woods,720 29th Ave,Seattle,98122,47.608732,-122.294573,N,
North Beach Park,8999 24th Ave NW,Seattle,98117,47.69471,-122.390258,N,
North City Park,19201 10th Ave NE,Shoreline,,47.76873718724478,-122.31998498539393,N,
North Highlands Park,3000 NE 16th St,Renton,,47.5074578,-122.17958442,N,
North Kirkland Com Ctr & Park,12421 103rd Ave NE,Kirkland,,47.71161211135326,-122.20286860294097,N,
North Passage Point Park,600 NE Northlake Way,Seattle,98105,47.653963,-122.322428,N,
North Rose Hill Woodlands Park,9930 124th Ave NE,Kirkland,,47.68797119498327,-122.17197137839257,N,
North SeaTac Park,S 128th St & 20th Ave S,SeaTac,98168,47.484498384824576,-122.30993817331321,N,
Northacres Park,12718 1st Ave NE,Seattle,98125,47.721775,-122.326124,N,
Northcrest Park,827 NE 170th St,Shoreline,,47.750346370942815,-122.31997955125352,N,
Northeast Queen Anne Greenbelt,Dexter Way N & Lynn St & Wheeler,Seattle,98109,47.635866,-122.345011,N,
Northgate Park,10510 5th Ave NE,Seattle,98125,47.705194,-122.322424,N,
Northlake Park,699 NE Northlake Way,Seattle,98105,47.654365,-122.320826,N,
Northtowne Neighborhood Park,2800 Bellevue Way NE,Bellevue,98004,47.6355646481,-122.20077573138,N,
Northwest 60th St. Viewpoint,6001 Seaview Ave NW,Seattle,98107,47.672184,-122.40656,N,
Norwood Village Neighborhood Park,12309 SE 23rd Place,Bellevue,98005,47.589639136551,-122.17355006867,N,
NRH5,12012 NE 90th St,Kirkland,,47.682921530044965,-122.17964426901433,N,
O O Denny Park,12032 Holmes Point Dr NE,Kirkland,,47.709273581359895,-122.2509467344921,N,
O'Leary Park,Leary Way & Redmond Way,Redmond,,47.67421886116663,-122.12329438733319,N,
Observatory Courts,1405 Warren Ave N,Seattle,98109,47.631342,-122.355134,N,
Occidental Square,117 S Washington St,Seattle,98104,47.600463,-122.333272,Y,
Ohde Avenue Pea Patch,11425 Ohde Ave,Kirkland,,47.67726406287366,-122.18763583756748,N,
Old Firehouse Teen Center,16510 NE 79th Street,Redmond,,47.674316557118395,-122.12007589697274,N,
Old Redmond Schoolhouse Community Center,16000 NE 80th Street,Redmond,,47.6753447749709,-122.11821840438657,N,
Olympic Sculpture Park,2901 Western Ave,Seattle,98121,47.616577,-122.35418,Y,
Open Water Park,2351 W Marina Pl,Seattle,98199,47.629555,-122.386693,Y,
Orchard Street Ravine,39th Ave SW & SW Orchard St,Seattle,98136,47.538315,-122.380151,N,
Othello Playground,4351 S Othello St,Seattle,98118,47.536214,-122.278105,N,
Oxbow Park,6430 Corson Ave S,Seattle,98108,47.54499,-122.321583,N,
Paramount Open Space,946 NE 147th St,Shoreline,,47.736743519374336,-122.31729754413966,N,
Paramount School Park,15300 8th Ave NE,Shoreline,,47.74029569653012,-122.31974834680267,N,
Park at Town Center,18040 Aurora Ave N,Shoreline,,47.759508331707515,-122.34553915437917,N,
Park Home Circle,5622 Park Rd NE,Seattle,98105,47.67005,-122.305464,N,
Parkmont Place,2401 West Viewmont Way W,Seattle,98199,47.640142,-122.410083,N,
Parsons Gardens,650 W Highland Dr,Seattle,98119,47.629868,-122.366082,N,
Peace Park,"NE 40th St & NE Pacific St, Seattle",Seattle,98105,47.65543,-122.323616,N,
Pelly Place Natural Area,6762 Murray Ave SW,Seattle,98136,47.541492,-122.39309,N,
Peppi's Playground,3233 E Spruce St,Seattle,98122,47.602723,-122.290602,N,
Perrigo Heights Open Space,Education Hill off of NE 97th Way between 174th Court NE and 175th Court NE,Redmond,,47.688489173808094,-122.1067367756194,N,
Perrigo Park,9011 196th Ave NE,Redmond,,47.68327380465301,-122.0831560506622,N,
Peter Kirk Park,202 3rd St,Kirkland,,47.67667608014383,-122.20182826516714,N,
Phantom Lake Loop,2064-2098 156th Ave SE,Bellevue,98007,47.592599723713,-122.13187968434,N,
Philip Arnold Park,720 Jones Ave S,Renton,,47.47200442,-122.19554743,N,
Phyllis A. Needy - Houghton Neighborhood Park,10811 NE 47th St,Kirkland,,47.65165508267763,-122.1957748465052,N,
Piazza Park,233 Burnett Ave S,Renton,,47.4800632,-122.2085769,N,
Piers 62 and 63,1951 Alaskan Way,Seattle,98101,47.608656,-122.345237,Y,
Pigeon Point Park,4418 21st Ave SW,Seattle,98106,47.563271,-122.356966,N,
Pike's Peak Greenbelt,3850 122nd Avenue NE,Bellevue,98005,47.645737055149,-122.17805917371,N,
Pinehurst Playground,12029 14th Ave NE,Seattle,98125,47.716436,-122.314628,N,
Pinehurst Pocket Park,11700 19th Ave NE,Seattle,98125,47.714186,-122.308222,N,
Pioneer Square,100 Yesler Way,Seattle,98104,47.602076,-122.333886,Y,
Pipers Creek Natural Area,600 NW 117th St,Seattle,98133,47.714678,-122.364699,N,
Plum Tree Park,1717 26th Ave,Seattle,98122,47.617053,-122.299142,N,
Plymouth Pillars Park,1050 Pike St,Seattle,98101,47.614124,-122.329092,N,
Powell Barnett Park,352 Martin Luther King Jr Way,Seattle,98112,47.605197,-122.295998,N,
Pratt Park,1800 S Main St,Seattle,98144,47.601407,-122.307257,N,
Prefontaine Place,425 3rd Ave,Seattle,98104,47.601844,-122.330883,N,
Prentis I. Frazier Park,401 24th Ave E,Seattle,98112,47.622895,-122.301614,N,
Pritchard Island Beach,8400 55th Ave S,Seattle,98118,47.528948,-122.26283,N,
Puget Boulevard Commons,5200 26th Ave SW,Seattle,98106,47.555356,-122.365575,N,
Puget Creek Greenspace,1901 SW Brandon St,Seattle,98106,47.55187,-122.358556,N,
Puget Park,4767 Puget Way SW,Seattle,98106,47.558473,-122.356922,N,
Puget Ridge Playground,6029 21st Ave SW,Seattle,98106,47.547368,-122.359947,N,
Puget Sound Park,135 SW 126th Street,Burien,,47.49010247917706,-122.33736798423088,N,
Queen Anne Bowl Playfield,2806 3rd Ave W,Seattle,98119,47.645599,-122.359711,N,
Rainbow Point,631 NE Banner Pl,Seattle,98115,47.682713,-122.320476,N,
Rainier Beach Playfield,8802 Rainier Ave S,Seattle,98118,47.525041,-122.273136,N,
Rainier Place,230 NW 53rd St,Seattle,98107,47.667567,-122.359434,N,
Rainier Playfield,3700 S Alaska St,Seattle,98118,47.561817,-122.2862,N,
Ravenna Park,5520 Ravenna Ave NE,Seattle,98105,47.671404,-122.305705,N,
Ravenna Park Triangle,Ravenna Ave NE & NE 54th St,Seattle,98105,47.668089,-122.30367,N,
Ravenna Ravine,6215 24th Ave NE,Seattle,98115,47.674823,-122.301707,N,
Ravenna Woods,4633 Ravenna Ave NE,Seattle,98105,47.662559,-122.303161,N,
Ravenna-Eckstein Park,6535 Ravenna Ave NE,Seattle,98115,47.676873,-122.304964,N,
Redmond Central Connector,,Redmond,,47.67253231433148,-122.12196147970485,N,
Redmond Community Center at Marymoor Village,6505 176TH AVE NE,Redmond,,47.66437440530492,-122.10684188299861,N,
Redmond West Wetlands,NE 60th Street and 152nd Avenue NE,Redmond,,47.66010277272647,-122.13769173315406,N,
Regrade Park,2251 3rd Ave,Seattle,98121,47.614346,-122.344776,N,
Reservoir Park,1501 3rd St,Kirkland,,47.68749898585515,-122.20510946418969,N,
Reservoir Park,16317 NE 95th Street,Redmond,,47.6853714698375,-122.12229572703919,N,
Richmond Beach Community Park,2201 NW 197th St,Shoreline,,47.77215759133451,-122.38534398606421,N,
Richmond Beach Saltwater Park,2021 NW 190th St,Shoreline,,47.76412861822016,-122.38601784376722,N,
Richmond Highlands Park,16554 Fremont Ave N,Shoreline,,47.75000105872377,-122.34953600418966,N,
Richmond Reserve,19101 22nd Ave NW,Shoreline,,47.7687202670957,-122.38581572376548,N,
Ridgecrest Park,108 NE 161st St,Shoreline,,47.746272355249516,-122.32787863850088,N,
Riverton Heights Park,3011 S 148th St,SeaTac,98168,47.46982508276773,-122.29387614280964,N,
Riverton Park,4124 South 131st Street,Tukwila,98168,47.486202679943,-122.281832434018,N,
Riverview Park,2901 Maple Valley Hwy,Renton,,47.4763016,-122.18149783,N,
Riverview Playfield,7226 12th Ave SW,Seattle,98106,47.54101,-122.348688,N,
Roanoke Park,950 E Roanoke St,Seattle,98102,47.643723,-122.320185,N,
Roanoke Park,70th Avenue SE & West Mercer Way,Mercer Island,98040,47.593702451519,-122.24532178047,N,
Roanoke St. Mini Park,1 E Roanoke St,Seattle,98102,47.643193,-122.329327,N,
Robinsglen Nature Park,16357 SE 16th Street,Bellevue,98008,47.595916771106,-122.12135849125,N,
Robinswood Community Park,2432 148th Avenue SE,Bellevue,98007,47.587491131566,-122.1410794773,N,
Robinswood Off-Leash Dog Corral,2432 148th Avenue SE,Bellevue,98007,47.587491131566,-122.1410794773,N,
Robinswood Sportsfield North,14822 SE 22nd Street,Bellevue,98007,47.590591052788,-122.13983445106,N,
Rogers Playground,2516 Eastlake Ave E,Seattle,98102,47.642601,-122.325257,N,
Ron Regis Park,1505 Orcas Ave SE,Renton,,47.467832,-122.14545404,N,
Ronald Bog Park,2301 N 175th St,Shoreline,,47.7550098668312,-122.33280840432299,N,
Rose Hill Meadows,8324 124th Ave NE,Kirkland,,47.677342257711494,-122.17509621964422,N,
Ross Playground,4320 4th Ave NW,Seattle,98107,47.659718,-122.361347,N,
Rotary A,841 NE 188TH ST,Shoreline,,47.764822501845806,-122.31991778358193,N,
Rotary B,18537 10TH AVE NE,Shoreline,,47.76419963993309,-122.31913839681367,N,
Rotary C,18531 10TH AVE NE,Shoreline,,47.76396886323523,-122.31930078089108,N,
Rotary D,18525 10TH AVE NE,Shoreline,,47.76381393134181,-122.3193884899711,N,
Rotary Park,10th Ave NE & NE 185th St,Shoreline,,47.76325584886814,-122.31884952688529,N,
Rotary Park,88th Avenue SE & SE 44th Street,Mercer Island,98040,47.568353835833,-122.22070683463,N,
Rotary Park,Near 154th Ave NE/Redmond Way,Redmond,,47.672996960735546,-122.13280631852605,N,
Rotary Viewpoint,4622 35th Ave SW,Seattle,98126,47.560222,-122.375859,N,
Roxhill Park,2850 SW Roxbury St,Seattle,98126,47.519496,-122.368881,Y,2026-07-25
Sacajawea Playground,1726 NE 94th St,Seattle,98115,47.697132,-122.308132,N,
Saddleback Mini Park,5501 152nd Place SE,Bellevue,98006,47.554266558704,-122.13841980255,N,
Saint Edward State Park,14445 Juanita Dr NE,Kirkland,,47.731189390883394,-122.25588362958949,N,
Salmon Bay Park,2001 NW Canoe Pl,Seattle,98117,47.679297,-122.381343,N,
Salmon Creek Park,700 SW 118th Street,Burien,,47.49799827917776,-122.3458301842306,N,
Salmon Creek Ravine,12550 Shorewood Drive SW,Burien,,47.490913219969464,-122.36001867759315,N,
Sam Smith Park,1400 Martin Luther King Jr Way S,Seattle,98122,47.589982,-122.297814,N,
Sammamish Valley Park,NE 116th Street/Willows Road NE,Redmond,,47.706116462124015,-122.15098023516636,N,
Sandel Playground,9053 1st Ave NW,Seattle,98117,47.695134,-122.358701,N,
Schmitz Boulevard,5717 SW Stevens St,Seattle,98116,47.577899,-122.405592,N,
Schmitz Preserve Park,5551 SW Admiral Way,Seattle,98116,47.574375,-122.400425,N,
Scotts Pond,"Triangle bordered by NE 80th Street, Redmond Way and 140th Ave NE",Redmond,,47.67570418231926,-122.15263060970157,N,
SE 40th Street Boat Launch,SE 40th Street,Bellevue,98006,47.575129065393,-122.1886374997,N,
SE Redmond Open Space,,Redmond,,47.6634345285573,-122.08292566412361,N,
SE Redmond Park,"Theoretically, between 188th Ave NE and 192nd Ave NE; North of NE 67th St",Redmond,,47.66648628098545,-122.08562819378623,N,
Seacrest Park,1660 Harbor Ave SW,Seattle,98126,47.589941,-122.381226,Y,
Seahurst Ed Munro Park,1600 SW Seahurst Park Road,Burien,,47.47723537917628,-122.36325358423126,N,
SeaTac Des Moines Creek Park,2151 S 200th St,SeaTac,98198,47.41958656734548,-122.3069097180828,N,
Seattle Aquarium,1483 Alaskan Way,Seattle,98101,47.607411,-122.342836,N,
Secret Park,SE 27th Street & West Mercer Way,Mercer Island,98040,47.586727108763,-122.24842241409,N,
Seola Park,11399 Seola Beach Dr SW,Seattle,98146,47.50039,-122.374332,N,
Settler's Landing,1001 Lake St S,Kirkland,,47.66766533509347,-122.20785547137591,N,
Seven Hills Park,1514 E Howell St,Seattle,98122,47.617684,-122.312534,N,
Seward Park,5900 Lake Washington Blvd S,Seattle,98118,47.54923,-122.250639,Y,
Shoreline Civic Center,17500 Midvale Ave N,Shoreline,,47.75655260692616,-122.34336659759417,N,
Shoreline Park,19030 1st Ave NE,Shoreline,,47.76753245610807,-122.3283208681074,N,
Shoreview Park,700 NW Innis Arden Way,Shoreline,,47.7510861803976,-122.36663978387004,N,
Shorewood Park,11830 28th Ave. SW,Burien,,47.49692507917761,-122.37016868423079,N,
Sierra Place,3300 Sierra Dr S,Seattle,98144,47.573282,-122.282492,N,
Silverleaf Park,4900 164th Avenue SE,Bellevue,98006,47.558559946836,-122.12186791789,N,
Sixth Street Park,10116 SE 6th Street,Bellevue,98004,47.604365456545,-122.20485448139,N,
Skyridge Park,13601 SE 20th Street,Bellevue,98005,47.592277587647,-122.15862037668,N,
Smith Cove,23rd Ave West,Seattle,98199,47.632602,-122.387679,Y,
Smith Woods,176 Ave NE and NE 124th Street,Redmond,,47.710114478038946,-122.10390232506408,N,
Snyder's Corner Park,6720 132nd Ave NE,Kirkland,,47.66598341505253,-122.16280847363726,N,
Solstice Park,7400 Fauntleroy Way SW,Seattle,98136,47.536414,-122.390347,N,
Somerset Greenbelts,4738 136th Avenue SE,Bellevue,98006,47.559608110858,-122.1591989944,N,
Soundview Playfield,1590 NW 90th St,Seattle,98117,47.695416,-122.378878,N,
Soundview Terrace,2500 11th Ave W,Seattle,98119,47.640849,-122.37141,N,
South Norway Hill Park,14607 122nd Ave NE,Kirkland,,47.7337570033504,-122.17924134866199,N,
South Park Meadow,9141 8th Ave S,Seattle,98108,47.520795,-122.323649,N,
South Park Playground,738 S Sullivan St,Seattle,98108,47.528016,-122.324159,N,
South Passage Point Park,3320 Fuhrman Ave E,Seattle,98102,47.652087,-122.322486,N,
South Rose Hill Park,12730 NE 72nd St,Kirkland,,47.66880503208881,-122.16972961295258,N,
South Woods Park,2210 NE 150th St,Shoreline,,47.738345592425844,-122.30443588657228,N,
Southern Heights Park,12025 14th Avenue S,Burien,,47.494999579177325,-122.31826848423071,N,
Spinney Homestead Park,11710 NE 100th St,Kirkland,,47.69050375754947,-122.18306332540622,N,
Spiritbrook Park,6500 151st Avenue NE,Redmond,,47.664704292453166,-122.13881761891774,N,
Spiritridge Park,16100 SE 33rd Place,Bellevue,98008,47.581405206623,-122.12754083901,N,
Spiritwood Park,1813 146th Avenue SE,Bellevue,98007,47.594433266561,-122.14543168824,N,
Spring Street Mini Park,1506 E Spring St,Seattle,98122,47.611801,-122.3124,N,
Spruce Street Mini Park,160 21st Ave,Seattle,98122,47.603091,-122.304648,N,
St. Mark's Greenbelt,1500 Lakeview Blvd E,Seattle,98102,47.63115,-122.322174,N,
Stan Sayres Memorial Park,3808 Lake Washington Blvd S,Seattle,98118,47.571222,-122.277162,N,
Stevens Place,2919 Beacon Ave S,Seattle,98144,47.577122,-122.310563,N,
Stevens Triangle,3809 E John St,Seattle,98112,47.619443,-122.283592,N,
Strandberg Preserve,19101 17th Ave NW,Shoreline,,47.76743319229355,-122.38080460330733,N,
Street End Park,501 Lake St S,Kirkland,,47.67209851922357,-122.20706123513911,N,
Sturgus Park,904 Sturgus Ave S,Seattle,98144,47.59409,-122.314376,N,
Sturtevant Ravine,9335 Sturtevant Ave S,Seattle,98118,47.51783,-122.268561,N,
Summit Place,Belmont Ave E & Bellevue Pl E,Seattle,98102,47.627081,-122.325708,N,
Summit Slope Park,200 Summit Ave E,Seattle,98102,47.619832,-122.325298,N,
Sunnyside Ave N Boat Ramp,2301 N Northlake Way,Seattle,98103,47.650292,-122.330723,N,
Sunrise Park,4095 W Lake Sammamish Pkwy SE,Bellevue,98008,47.57147,-122.10595,N,
Sunset Gardens Park,18304 NE 95th Street,Redmond,,47.68610116710063,-122.09623448882874,N,
Sunset Hill Park,7531 34th Ave NW,Seattle,98117,47.684034,-122.400938,N,
Sunset Park,2837 139th Avenue SE,Bellevue,98005,47.587037752638,-122.15575200207,N,
Sunset Place,105 NW 52nd St,Seattle,98107,47.666686,-122.357602,N,
Sunset Ravine Greenbelt,13400 SE 40th Street,Bellevue,98006,47.575924971755,-122.16074398415,N,
Sunset School Park,17800 10th Ave NW,Shoreline,,47.75811390366434,-122.36773019572642,N,
Surrey Downs Park,11177 SE 4th Street,Bellevue,98004,47.60393,-122.19222,N,
SW Queen Anne Greenbelt,12th Ave W & W Howe St,Seattle,98119,47.633353,-122.373209,N,
Sweyolocken Boat Launch,3000 Bellevue Way SE,Bellevue,98004,47.582152742664,-122.18643310806,N,
T.T. Minor Playground,1698 E Union St,Seattle,98122,47.613111,-122.310543,N,
Talbot Hill Reservoir Park,1900 Talbot Rd S,Renton,,47.46215579,-122.20887034,N,
Tam O'Shanter Park,1655 173rd Avenue NE,Bellevue,98008,47.62485,-122.10513,N,
Tashkent Park,511 Boylston Ave E,Seattle,98102,47.62379,-122.323444,N,
Taylor Fields,11724 NE 60th St,Kirkland,,47.66353036535004,-122.18222818455352,N,
Terrace Park,10333 NE 67th St,Kirkland,,47.66516201751161,-122.20098876928692,N,
Terry Pettus Park,2001 Fairview Ave E,Seattle,98102,47.636742,-122.329689,N,
Thayer Place,10088 Waters Ave S,Seattle,98178,47.510613,-122.250038,N,
The Edge Skate Park,NE 83rd Street & 161st Avenue NE,Redmond,,47.67707757702282,-122.12501374903398,N,
The Stroll,"Located on the side of NE 85th bridge, directly adjacent to the E. side of E Lake Sammamish Trail",Redmond,,47.67778833050226,-122.1319170989857,N,
Thomas C. Wales Park,2401 6th Ave N,Seattle,98109,47.640523,-122.344468,N,
Thomas St. Mini Park,306 Bellevue Ave E,Seattle,98102,47.621036,-122.326216,N,
Thomas Teasdale Park,601 S 23rd St,Renton,,47.4583461,-122.20866082,N,
Thorndyke Park,1818 Thorndyke Ave W,Seattle,98199,47.635099,-122.390161,N,
Thornton Creek Park #1,13002 10th Ave NE,Seattle,98125,47.707034,-122.307629,N,
Thyme Patch Park,2853 NW 58th St,Seattle,98107,47.670709,-122.395214,N,
Tiffany - Cascade Connector,Cascade Connector - SE 160th St,Renton,,47.46125331,-122.1781723,N,
Tiffany Park,1902 Lake Youngs Way SE,Renton,,47.46305899,-122.1780434,N,
Tilikum Place,2701 5th Ave,Seattle,98121,47.618382,-122.347411,N,
Tonkin Park,399 Williams Ave S,Renton,,47.47831811,-122.20702985,N,
Tot Lot Park,119 9th Ave,Kirkland,,47.68181390249919,-122.20732142404573,N,
Totem Lake Park,12207 NE Totem Lake Way,Kirkland,,47.71101467196167,-122.17602532923856,N,
Town Center Open Space,"Along Bear Creek, south of Bear Creek Parkway NE",Redmond,,47.66824636458008,-122.11720854436584,N,
Town Square Park,400 SW 152nd Street,Burien,,47.467427579175734,-122.34245708423155,N,
Triangle Park,15245 Ambaum Blvd SW,Burien,,47.465920479175644,-122.34715378423172,N,
Trolley Hill Park,1800 Taylor Ave N,Seattle,98109,47.635143,-122.347039,N,
Tukwila Community Center,12424 42nd Avenue South,Tukwila,98168,47.491156261127,-122.279912347935,N,
Tukwila Park,15460 65th Avenue South,Tukwila,98188,47.463598066741,-122.252255379942,N,
Tukwila Pond,299 Strander Boulevard,Tukwila,98188,47.455831084332,-122.259851339742,N,
Twin Ponds Park,15401 1st Ave NE,Shoreline,,47.73922167407878,-122.33105956592728,N,
Tyee Community Gym,13630 SE Allen Road,Bellevue,98006,47.57372,-122.15843,N,
Union Station Square,316 S Jackson St,Seattle,98104,47.599362,-122.330086,Y,
University Circle,5801 University Circle NE,Seattle,98105,47.67203,-122.275181,N,
University Lake Shore Place,4275 NE 125th St,Seattle,98125,47.718937,-122.28006,N,
University Playground,4745 9th Ave NE,Seattle,98105,47.664447,-122.319312,N,
Ursula Judkins Viewpoint,2605 W Galer St,Seattle,98199,47.632049,-122.390232,Y,
Valley Ridge Park,4644 S 188th St,SeaTac,98188,47.43638660936646,-122.27503557478019,N,
Van Aalst Park,335 13th Ave,Kirkland,,47.68490224687049,-122.20248582283016,N,
Van Asselt Playground,7050 Beacon Ave S,Seattle,98108,47.539446,-122.294068,N,
Veterans Memorial Park,523 S 3rd St,Renton,,47.47987605,-122.20389359,N,
Victor Steinbrueck Park,2001 Western Ave,Seattle,98121,47.610153,-122.343869,N,
Victory Creek Park,1059 NE Northgate Way,Seattle,98125,47.709155,-122.315554,N,
Victory Heights Playground,1737 NE 106th St,Seattle,98125,47.705672,-122.307834,N,
View Ridge Playfield,4408 NE 70th St,Seattle,98115,47.679747,-122.279969,N,
Viewpoint Open Space,17541 NE 24th Street,Redmond,,47.629358641273704,-122.10495991875825,N,
Viewpoint Park,134th & NE 24th Street,Bellevue,98005,47.63085,-122.16008,N,
Viewpoint Park,18440 NE 24th Street,Redmond,,47.63209373965291,-122.09434018709416,N,
Viewpoint Park,Overlake Drive West & 84th Ave NE,Medina,98039,47.612698696763,-122.22788658972,N,
Viretta Park,151 Lake Washington Blvd E,Seattle,98112,47.61875,-122.282003,N,
Virgil Flaim Park,2700 NE 123rd St,Seattle,98125,47.717955,-122.299374,N,
Volunteer Park,1247 15th Ave E,Seattle,98112,47.630378,-122.315568,Y,
Volunteer Park Conservatory,1400 E Galer St,Seattle,98112,47.632063,-122.315708,Y,
Wallingford Playfield,4219 Wallingford Ave N,Seattle,98103,47.658544,-122.337444,N,
Wallingford Steps,1800 N Northlake Way,Seattle,98103,47.647345,-122.336152,N,
Walt Hundley Playfield,6920 34th Ave SW,Seattle,98126,47.54017,-122.373415,N,
Ward Springs Park,4th Ave N & Ward St,Seattle,98109,47.627747,-122.349245,N,
Warren G. Magnuson Park,7400 Sand Point Way NE,Seattle,98115,47.680304,-122.255084,Y,
Washington Park Arboretum,2300 Arboretum Dr E,Seattle,98112,47.636477,-122.294835,Y,
Washington Park Playfield,1017 Lake Washington Blvd E,Seattle,98112,47.627064,-122.293925,N,
Washington Street Public Boat Landing,199 Alaskan Way S,Seattle,98104,47.601007,-122.336045,Y,
Waterfront Park,1401 Alaskan Way,Seattle,98101,47.606778,-122.342196,Y,
Watershed Park,4500 110th Ave NE,Kirkland,,47.64971869454218,-122.19034810464835,N,
Watershed Preserve,218th Avenue NE & Novelty Hill RD,Redmond,,47.707169554532115,-122.04736528629726,N,
Waterway 19,2119 N Northlake Way,Seattle,98103,47.646349,-122.332567,N,
Waverly Beach Park,633 Waverly Park Way,Kirkland,,47.68696652913511,-122.21721530588292,N,
Weather Watch Park,4035 Beach Dr SW,Seattle,98116,47.568247,-122.409506,Y,
Webster Park,3025 NW 68th St,Seattle,98117,47.677832,-122.397851,N,
Wedgwood Square,8126 31st Ave NE,Seattle,98115,47.688151,-122.294772,N,
Welcome Park,,Redmond,,47.67676418285114,-122.1522303781931,N,
Weowna Park,1420 168th Avenue SE,Bellevue,98008,47.59867,-122.11624,N,
West Duwamish Greenbelt,W Marginal Way SW & Highland Park Way SW,Seattle,98106,47.563271,-122.356966,N,
West Ewing Mini Park,244 W Ewing St,Seattle,98119,47.65205,-122.360602,N,
West Montlake Park,2815 W Park Dr E,Seattle,98112,47.646219,-122.30982,N,
West Queen Anne Playfield,150 W Blaine St,Seattle,98119,47.635514,-122.359504,N,
West Seattle Golf Course,4600 35th Ave SW,Seattle,98126,47.55986,-122.369657,N,
West Seattle Stadium,4432 35th Ave SW,Seattle,98126,47.562826,-122.374348,N,
Westcrest Park,9000 8th Ave SW,Seattle,98106,47.525783,-122.341719,N,
Westlake Greenbelt,Westlake Ave & Halladay St,Seattle,98109,47.641586,-122.34338,Y,
Westlake Park,401 Pine St,Seattle,98101,47.611099,-122.33724,N,
Westlake Square,1900 Westlake Ave,Seattle,98109,47.613627,-122.337285,N,
Westminster Park,709 N 150th St,Shoreline,,47.737477333292965,-122.3503384661962,N,
Westminster Triangle,14929 Westminster Way N,Shoreline,,47.737520051854155,-122.35285944243601,N,
Westside Park,5810 156th Avenue NE,Redmond,,47.65927840868542,-122.13079374228205,N,
Westwood Highlands Neighborhood Park,5501 136th Place SE,Bellevue,98006,47.55316,-122.15841,N,
Wilburton Hill Park,12400 Main Street,Bellevue,98005,47.61014,-122.17363,N,
Wildwood Park,260 101st Avenue SE,Bellevue,98004,47.6088,-122.20474,N,
William Grose Park,1814 30th Ave,Seattle,98122,47.618021,-122.29294,N,
Williams Place,199 15th Ave E,Seattle,98112,47.619809,-122.313094,N,
Willows Creek Park,8915 142nd Avenue NE,Redmond,,47.681973602267846,-122.15233258992384,N,
Windsor Hills Park,432 Windsor Way NE,Renton,,47.48914064,-122.18683301,N,
Windsor Vista Park,14251 111th Ave NE,Kirkland,,47.729952161544134,-122.19378112609792,N,
Winters House,2102 Bellevue Way SE,Bellevue,98004,47.591592896058,-122.19321199123,N,
Wolf Creek Ravine Natural Area,McGraw St between 2nd Ave N & Nobb Hill Ave N,Seattle,98109,47.639775,-122.352314,N,
Woodland Park,1000 N 50th St,Seattle,98103,47.668906,-122.344218,Y,
Woodland Park Rose Garden,750 N 50th St,Seattle,98103,47.666499,-122.35054,N,
Woodland Park Zoo,700 N 50th St,Seattle,98103,47.666183,-122.35043,Y,
Woodridge Water Tower Park,1843 125th Avenue SE,Bellevue,98005,47.593364768363,-122.17395780169,N,
Yarrow Bay Wetlands,9830 NE Points Dr,Kirkland,,47.64613327872665,-122.20748722354607,N,
Yesler Playfield,835 Yesler Way,Seattle,98104,47.601262,-122.320083,N,
York Park,3650 Renton Ave S,Seattle,98144,47.570461,-122.295537,N,
York Playground,3327 34th Ave S,Seattle,98126,47.572695,-122.290713,N,
Zumdieck Park,1500 108th Avenue NE,Bellevue,98004,47.62422,-122.19474,N,
